,AllGestureWiimoteX,AllGestureWiimoteY,AllGestureWiimoteZ,Car,ChlorineConcentration,CinCECGTorso,DodgerLoopDay,DodgerLoopGame,DodgerLoopWeekend,Earthquakes,FordA,FordB,FreezerRegularTrain,FreezerSmallTrain,GesturePebbleZ1,GesturePebbleZ2,InsectWingbeatSound,ItalyPowerDemand,Lightning2,Lightning7,MoteStrain,Phoneme,PickupGestureWiimoteZ,Plane,ShakeGestureWiimoteZ,SonyAIBORobotSurface1,SonyAIBORobotSurface2,StarLightCurves,Trace,Wafer
AllGestureWiimoteX,0.0,1.1906993777188832,0.6640419769398462,0.5176762764762138,0.7062503285454953,0.47309017992174474,0.4226576853724477,0.394290694781407,0.42762014859643643,0.8112683880401709,0.7752630560887773,0.861250172887801,0.6310648124575171,0.6192763900922585,0.33879224892296667,0.3345408078183693,1.272301568050294,0.28897897507758513,0.5379700875535961,0.4722555546656613,0.6819833636827392,0.6498059702497117,0.5359086774843663,0.5063430753427771,0.7919934768138358,0.4766595911923345,0.5994448583491262,0.7386580701171258,0.48965291023426166,0.669751995442692
AllGestureWiimoteY,1.1906993777188832,0.0,0.6111075742628421,0.7446350738450814,0.54972085991697,0.6805748478069087,0.3921902479868977,0.376845043147758,0.3780325437308835,0.7877555892965785,0.8474978611878378,0.8727617077796126,0.37346480883927474,0.3746465659309577,0.9437888409244958,0.9575528853446883,0.2841125040351523,0.6670451013859254,0.25075481302211317,0.3196173247673496,0.3164047650810689,0.7843753554282928,0.6766055583803172,0.5928231618667691,0.49006813724722065,0.6964623395855702,0.626290289420158,0.3469465801461459,1.3243555977801407,0.3952281819636022
AllGestureWiimoteZ,0.6640419769398462,0.6111075742628421,0.0,0.5667620252078511,0.6200131937865285,0.5391235111605885,0.5509454374273579,0.5685999437068402,0.5461434769680815,0.7864443047991934,0.7571087420229274,0.8441853648229956,0.6572027860555238,0.6262022533038389,0.5764528917697459,0.6015275593064989,0.7485428199812202,0.49922783431886686,0.639751098128377,0.6449881693106907,0.4913402823432718,0.6827565560796114,0.31988345696791176,0.5403064665551017,0.363177849328114,0.36840001804128947,0.5099818706176178,0.37393860249479516,0.9997491164081894,0.5051743581106187
Car,0.5176762764762138,0.7446350738450814,0.5667620252078511,0.0,0.6210038548717953,0.5905402700612986,0.7688748099442774,0.739594631961765,0.7178102550657663,0.8479783753013684,0.9053456013337514,0.8208943824713337,0.9166785247806561,0.9271818266020052,0.5234307431215073,0.5995069060252045,0.7423573422432839,0.705460166996509,0.7828287551854668,0.7920094437589756,0.3651816314669212,0.7431935900688832,0.49916098504102285,0.2293325185806138,0.5771217272831808,0.265276939983632,0.606731523721119,0.5604090618956693,0.7642446966287295,0.7660473557694091
ChlorineConcentration,0.7062503285454953,0.54972085991697,0.6200131937865285,0.6210038548717953,0.0,0.6899174378471662,0.9411496740825798,0.9223450783721415,0.9284455165449538,0.6959409116795989,0.7022448911122768,0.6716279318579863,0.9030298799956894,0.8986554490763065,0.5709516801466454,0.6020379390272486,0.63346598067804,0.8509328680968867,0.8393908324498516,0.8617966440577611,0.6850189186753046,0.4803635232146382,0.4947404105645768,0.5241684376008776,0.4738353858717326,0.6305535535301788,0.6273099366483157,0.6079736706390176,0.8523994910807149,0.7389917853101938
CinCECGTorso,0.47309017992174474,0.6805748478069087,0.5391235111605885,0.5905402700612986,0.6899174378471662,0.0,0.8958148611512027,0.8886743072667405,0.8939754811783607,0.7411320375925047,0.6741774559052027,0.7456688321362228,0.9273596626150459,0.9105402523999205,0.6349404924689707,0.6914864827792704,0.7127110949251023,0.7896216147636226,0.7793250581414439,0.8240174649507125,0.6762146759453597,0.6486445310486788,0.5557041580946412,0.6445964861975494,0.5302064869872565,0.5349187625829577,0.4446185763353418,0.5635640582338152,1.1374487565726554,0.7874110670365044
DodgerLoopDay,0.4226576853724477,0.3921902479868977,0.5509454374273579,0.7688748099442774,0.9411496740825798,0.8958148611512027,0.0,0.05145002233443614,0.07083128787691156,0.8183500471937812,0.9033758963566278,0.8483500307979951,0.1934784763059062,0.21234004785607877,0.46051748384328184,0.4733530963147906,0.5317544493831997,0.1436919981321804,0.25405609214982783,0.20974373137473862,0.34960789996917213,0.8078036893120677,0.6027592072579764,0.766591214810428,0.8424829709142808,0.5551129708560507,0.7687857578643232,0.9264308247731482,0.46983779021585875,0.3069949005674224
DodgerLoopGame,0.394290694781407,0.376845043147758,0.5685999437068402,0.739594631961765,0.9223450783721415,0.8886743072667405,0.05145002233443614,0.0,0.06975768100811053,0.8007042973969505,0.8848687742214913,0.827864710391173,0.21915310060001988,0.23635019425534842,0.4634739113389453,0.46348714992911233,0.5380026572117819,0.16136969817668131,0.25326417838444937,0.21076958824750697,0.3503271854449492,0.7884869080550413,0.6018562625700672,0.7496389140048824,0.8243669779687507,0.5440718483148532,0.74721075796065,0.8747703675480991,0.4814597773222005,0.29199359188029816
DodgerLoopWeekend,0.42762014859643643,0.3780325437308835,0.5461434769680815,0.7178102550657663,0.9284455165449538,0.8939754811783607,0.07083128787691156,0.06975768100811053,0.0,0.7991589104988783,0.8780069546746491,0.8393708120331022,0.21769173583864998,0.2359442789294449,0.4596537498117751,0.45362320966908887,0.5504177452362718,0.15581881012289325,0.24473529406172273,0.20770526001381318,0.325483358513888,0.7809111263608308,0.5902960908328678,0.7394325418729675,0.8270783396912205,0.5572845272884009,0.7303442133833495,0.9018269260877525,0.4576605055144127,0.3553127130325589
Earthquakes,0.8112683880401709,0.7877555892965785,0.7864443047991934,0.8479783753013684,0.6959409116795989,0.7411320375925047,0.8183500471937812,0.8007042973969505,0.7991589104988783,0.0,0.6546164045351742,0.6223621218117298,0.8691837908378716,0.8656198095992323,0.8766606741498028,0.9144879996506056,0.7502520652701198,0.8184484736962634,0.8518461692056389,0.8618771517618309,0.8148575527338319,0.6323412960585043,0.79791805438654,0.9006487491479804,0.733262444074564,0.7876758431784677,0.7328957994515035,0.8410734842639132,0.9753958472609588,0.7934929376800663
FordA,0.7752630560887773,0.8474978611878378,0.7571087420229274,0.9053456013337514,0.7022448911122768,0.6741774559052027,0.9033758963566278,0.8848687742214913,0.8780069546746491,0.6546164045351742,0.0,0.4378882941424316,0.99324133070533,0.9834901192450548,0.9116085750444605,0.9366487850805713,0.8852954179232861,0.8643188257242358,0.844096408483599,0.8811142164452483,0.8210062100607821,0.5878032514531981,0.839440389099392,0.9531202774088189,0.6499911263845796,0.7924924569692654,0.65614281714293,0.8210365233948402,0.9871250084741661,0.9053231062214782
FordB,0.861250172887801,0.8727617077796126,0.8441853648229956,0.8208943824713337,0.6716279318579863,0.7456688321362228,0.8483500307979951,0.827864710391173,0.8393708120331022,0.6223621218117298,0.4378882941424316,0.0,0.882667886130507,0.8713474119707884,0.8897610736946221,0.9181409351020308,0.8628539147478598,0.8796253134136992,0.8543762899166175,0.8476854391605939,0.8454238997100364,0.5432691752955153,0.8326497324623894,0.8577957130988446,0.7059750327058755,0.8298272178099688,0.6993375874514622,0.8753375118384423,0.9763061397758704,0.8359707733770282
FreezerRegularTrain,0.6310648124575171,0.37346480883927474,0.6572027860555238,0.9166785247806561,0.9030298799956894,0.9273596626150459,0.1934784763059062,0.21915310060001988,0.21769173583864998,0.8691837908378716,0.99324133070533,0.882667886130507,0.0,0.02078807816725421,0.9910237339114175,0.9793995024933254,0.43561527679173695,0.3474415651326181,0.5310604888565158,0.47869457004600063,0.35324725561919934,0.8997180977086622,0.9218923343934216,0.9799662600396778,0.8503633956443524,0.8258896884362088,0.8898558841369237,0.7864015344806857,1.0394832380738817,0.32317211651006716
FreezerSmallTrain,0.6192763900922585,0.3746465659309577,0.6262022533038389,0.9271818266020052,0.8986554490763065,0.9105402523999205,0.21234004785607877,0.23635019425534842,0.2359442789294449,0.8656198095992323,0.9834901192450548,0.8713474119707884,0.02078807816725421,0.0,0.958875098320584,0.9448200008906518,0.44901988350587374,0.34882291432359075,0.5302424564237666,0.47946852125859857,0.3630865887020996,0.8850821736199689,0.9146448264221141,0.9711706982660303,0.8358410818482284,0.8164344976271969,0.8858724354319173,0.7907890549648391,1.0324531183120955,0.3419845295812789
GesturePebbleZ1,0.33879224892296667,0.9437888409244958,0.5764528917697459,0.5234307431215073,0.5709516801466454,0.6349404924689707,0.46051748384328184,0.4634739113389453,0.4596537498117751,0.8766606741498028,0.9116085750444605,0.8897610736946221,0.9910237339114175,0.958875098320584,0.0,0.06611983913894011,1.1339402487327055,0.34186383477217647,0.581976279362139,0.5215808484178457,0.8547846403020063,0.6967613953328037,0.4071782306127551,0.38991504153672424,0.660487472882771,0.6011459428011277,0.6826860851240039,0.6101100578404179,0.2825007398002848,0.885291449811702
GesturePebbleZ2,0.3345408078183693,0.9575528853446883,0.6015275593064989,0.5995069060252045,0.6020379390272486,0.6914864827792704,0.4733530963147906,0.46348714992911233,0.45362320966908887,0.9144879996506056,0.9366487850805713,0.9181409351020308,0.9793995024933254,0.9448200008906518,0.06611983913894011,0.0,1.104055139889061,0.3244610135384153,0.5775020489719117,0.5246118188566663,0.8061708436470297,0.7425317876225086,0.42287777541351196,0.44966757905911686,0.666001950570593,0.5736897906031314,0.7086334258517453,0.5107203760879238,0.277599157336726,0.8660192745219808
InsectWingbeatSound,1.272301568050294,0.2841125040351523,0.7485428199812202,0.7423573422432839,0.63346598067804,0.7127110949251023,0.5317544493831997,0.5380026572117819,0.5504177452362718,0.7502520652701198,0.8852954179232861,0.8628539147478598,0.43561527679173695,0.44901988350587374,1.1339402487327055,1.104055139889061,0.0,0.9456994548722342,0.4122936126384409,0.4643843476832867,0.3524283079329853,0.765709363759152,0.9454378354286241,0.7239909405128431,0.6424413288924576,0.7417774348443728,0.57243397990938,0.44976285388853177,1.6656419158562483,0.4191052985209404
ItalyPowerDemand,0.28897897507758513,0.6670451013859254,0.49922783431886686,0.705460166996509,0.8509328680968867,0.7896216147636226,0.1436919981321804,0.16136969817668131,0.15581881012289325,0.8184484736962634,0.8643188257242358,0.8796253134136992,0.3474415651326181,0.34882291432359075,0.34186383477217647,0.3244610135384153,0.9456994548722342,0.0,0.31145781818241536,0.2544734521357878,0.4780977529815989,0.7919270629120964,0.5249545567629116,0.6982994757684,0.7219742159732644,0.5709216484400467,0.6745018583643003,0.9887429968272251,0.41788109569411214,0.4659020118642403
Lightning2,0.5379700875535961,0.25075481302211317,0.639751098128377,0.7828287551854668,0.8393908324498516,0.7793250581414439,0.25405609214982783,0.25326417838444937,0.24473529406172273,0.8518461692056389,0.844096408483599,0.8543762899166175,0.5310604888565158,0.5302424564237666,0.581976279362139,0.5775020489719117,0.4122936126384409,0.31145781818241536,0.0,0.10135263451891646,0.32851129191957446,0.7612334827041313,0.7208217247947489,0.8437939803720144,0.7340693095254521,0.6426292684784624,0.6446462796815089,0.8348414334087704,0.44870705134670097,0.31235564092626394
Lightning7,0.4722555546656613,0.3196173247673496,0.6449881693106907,0.7920094437589756,0.8617966440577611,0.8240174649507125,0.20974373137473862,0.21076958824750697,0.20770526001381318,0.8618771517618309,0.8811142164452483,0.8476854391605939,0.47869457004600063,0.47946852125859857,0.5215808484178457,0.5246118188566663,0.4643843476832867,0.2544734521357878,0.10135263451891646,0.0,0.3357007146137049,0.7936694026562424,0.7046660249643566,0.8425485530861188,0.801059409207144,0.6486013826835675,0.7002373283383042,0.8444552901904343,0.43562230457021445,0.251488655041585
MoteStrain,0.6819833636827392,0.3164047650810689,0.4913402823432718,0.3651816314669212,0.6850189186753046,0.6762146759453597,0.34960789996917213,0.3503271854449492,0.325483358513888,0.8148575527338319,0.8210062100607821,0.8454238997100364,0.35324725561919934,0.3630865887020996,0.8547846403020063,0.8061708436470297,0.3524283079329853,0.4780977529815989,0.32851129191957446,0.3357007146137049,0.0,0.7216533922654047,0.6062522293493634,0.6473139271460311,0.575118249243671,0.36488376998970073,0.5790990004741594,0.3055943779215599,1.000703043085684,0.3609000068654986
Phoneme,0.6498059702497117,0.7843753554282928,0.6827565560796114,0.7431935900688832,0.4803635232146382,0.6486445310486788,0.8078036893120677,0.7884869080550413,0.7809111263608308,0.6323412960585043,0.5878032514531981,0.5432691752955153,0.8997180977086622,0.8850821736199689,0.6967613953328037,0.7425317876225086,0.765709363759152,0.7919270629120964,0.7612334827041313,0.7936694026562424,0.7216533922654047,0.0,0.6327369508277304,0.7180641265381216,0.6143330117128533,0.7015112012305005,0.6425991474058463,0.8056128194117202,0.8248416361113877,0.8019218984690513
PickupGestureWiimoteZ,0.5359086774843663,0.6766055583803172,0.31988345696791176,0.49916098504102285,0.4947404105645768,0.5557041580946412,0.6027592072579764,0.6018562625700672,0.5902960908328678,0.79791805438654,0.839440389099392,0.8326497324623894,0.9218923343934216,0.9146448264221141,0.4071782306127551,0.42287777541351196,0.9454378354286241,0.5249545567629116,0.7208217247947489,0.7046660249643566,0.6062522293493634,0.6327369508277304,0.0,0.4065943431536971,0.4022891067609986,0.3528212542178374,0.5368658737571763,0.4908006988579725,0.9330370888416077,0.7788643691101572
Plane,0.5063430753427771,0.5928231618667691,0.5403064665551017,0.2293325185806138,0.5241684376008776,0.6445964861975494,0.766591214810428,0.7496389140048824,0.7394325418729675,0.9006487491479804,0.9531202774088189,0.8577957130988446,0.9799662600396778,0.9711706982660303,0.38991504153672424,0.44966757905911686,0.7239909405128431,0.6982994757684,0.8437939803720144,0.8425485530861188,0.6473139271460311,0.7180641265381216,0.4065943431536971,0.0,0.5576994248861474,0.36017036963723287,0.6883056241815888,0.6434280718763649,0.6691265638691045,0.7597841016544584
ShakeGestureWiimoteZ,0.7919934768138358,0.49006813724722065,0.363177849328114,0.5771217272831808,0.4738353858717326,0.5302064869872565,0.8424829709142808,0.8243669779687507,0.8270783396912205,0.733262444074564,0.6499911263845796,0.7059750327058755,0.8503633956443524,0.8358410818482284,0.660487472882771,0.666001950570593,0.6424413288924576,0.7219742159732644,0.7340693095254521,0.801059409207144,0.575118249243671,0.6143330117128533,0.4022891067609986,0.5576994248861474,0.0,0.4862354055243042,0.5017107449731443,0.4193117585249795,1.1335956933371265,0.6605920777839497
SonyAIBORobotSurface1,0.4766595911923345,0.6964623395855702,0.36840001804128947,0.265276939983632,0.6305535535301788,0.5349187625829577,0.5551129708560507,0.5440718483148532,0.5572845272884009,0.7876758431784677,0.7924924569692654,0.8298272178099688,0.8258896884362088,0.8164344976271969,0.6011459428011277,0.5736897906031314,0.7417774348443728,0.5709216484400467,0.6426292684784624,0.6486013826835675,0.36488376998970073,0.7015112012305005,0.3528212542178374,0.36017036963723287,0.4862354055243042,0.0,0.4572009485366324,0.4725977796048519,0.9124785629003516,0.6834522843480946
SonyAIBORobotSurface2,0.5994448583491262,0.626290289420158,0.5099818706176178,0.606731523721119,0.6273099366483157,0.4446185763353418,0.7687857578643232,0.74721075796065,0.7303442133833495,0.7328957994515035,0.65614281714293,0.6993375874514622,0.8898558841369237,0.8858724354319173,0.6826860851240039,0.7086334258517453,0.57243397990938,0.6745018583643003,0.6446462796815089,0.7002373283383042,0.5790990004741594,0.6425991474058463,0.5368658737571763,0.6883056241815888,0.5017107449731443,0.4572009485366324,0.0,0.6334867563603354,0.9351773077637757,0.6021487758455862
StarLightCurves,0.7386580701171258,0.3469465801461459,0.37393860249479516,0.5604090618956693,0.6079736706390176,0.5635640582338152,0.9264308247731482,0.8747703675480991,0.9018269260877525,0.8410734842639132,0.8210365233948402,0.8753375118384423,0.7864015344806857,0.7907890549648391,0.6101100578404179,0.5107203760879238,0.44976285388853177,0.9887429968272251,0.8348414334087704,0.8444552901904343,0.3055943779215599,0.8056128194117202,0.4908006988579725,0.6434280718763649,0.4193117585249795,0.4725977796048519,0.6334867563603354,0.0,1.1052283331010258,0.5997801418479481
Trace,0.48965291023426166,1.3243555977801407,0.9997491164081894,0.7642446966287295,0.8523994910807149,1.1374487565726554,0.46983779021585875,0.4814597773222005,0.4576605055144127,0.9753958472609588,0.9871250084741661,0.9763061397758704,1.0394832380738817,1.0324531183120955,0.2825007398002848,0.277599157336726,1.6656419158562483,0.41788109569411214,0.44870705134670097,0.43562230457021445,1.000703043085684,0.8248416361113877,0.9330370888416077,0.6691265638691045,1.1335956933371265,0.9124785629003516,0.9351773077637757,1.1052283331010258,0.0,0.9223648560036906
Wafer,0.669751995442692,0.3952281819636022,0.5051743581106187,0.7660473557694091,0.7389917853101938,0.7874110670365044,0.3069949005674224,0.29199359188029816,0.3553127130325589,0.7934929376800663,0.9053231062214782,0.8359707733770282,0.32317211651006716,0.3419845295812789,0.885291449811702,0.8660192745219808,0.4191052985209404,0.4659020118642403,0.31235564092626394,0.251488655041585,0.3609000068654986,0.8019218984690513,0.7788643691101572,0.7597841016544584,0.6605920777839497,0.6834522843480946,0.6021487758455862,0.5997801418479481,0.9223648560036906,0.0
