model,seed,dataset,passes_done,best_pass,test_acc,test_f1_macro,base_test_acc,delta_vs_joint
cnn,7,AllGestureWiimoteX,10,10,0.37,0.3345972679570579,0.1910714285714285,0.1789285714285715
cnn,7,AllGestureWiimoteY,10,10,0.48714285714285716,0.4676442502793967,0.1935714285714285,0.29357142857142865
cnn,7,AllGestureWiimoteZ,10,7,0.36857142857142855,0.34802725092775827,0.21625,0.15232142857142855
cnn,7,Car,6,1,0.23333333333333334,0.1206896551724138,0.25,-0.016666666666666663
cnn,7,ChlorineConcentration,8,3,0.47239583333333335,0.4505833664328623,0.2523763020833333,0.22001953125000007
cnn,7,CinCECGTorso,10,10,0.3717391304347826,0.3183025356599707,0.2730978260869565,0.09864130434782614
cnn,7,DodgerLoopDay,10,10,0.425,0.3523940345368917,0.1671875,0.2578125
cnn,7,DodgerLoopGame,10,10,0.5797101449275363,0.46454375167246453,0.5253623188405797,0.05434782608695654
cnn,7,DodgerLoopWeekend,10,10,0.9057971014492754,0.8864197530864197,0.2608695652173913,0.644927536231884
cnn,7,Earthquakes,9,4,0.5107913669064749,0.49160929432013767,0.6528776978417267,-0.1420863309352518
cnn,7,FordA,8,3,0.9416666666666667,0.9416422504594726,0.9327651515151516,0.00890151515151505
cnn,7,FordB,10,7,0.8234567901234567,0.8231265508684864,0.7816358024691358,0.04182098765432096
cnn,7,FreezerRegularTrain,10,10,0.7747368421052632,0.773814445020234,0.5253070175438597,0.2494298245614035
cnn,7,FreezerSmallTrain,10,10,0.7042105263157895,0.7033778662639192,0.5527631578947368,0.15144736842105266
cnn,7,GesturePebbleZ1,10,9,0.4127906976744186,0.389888569676782,0.1962209302325581,0.21656976744186052
cnn,7,GesturePebbleZ2,10,10,0.379746835443038,0.36723435261864784,0.2041139240506329,0.1756329113924051
cnn,7,InsectWingbeatSound,10,10,0.3297979797979798,0.2756288196820356,0.1378787878787878,0.19191919191919202
cnn,7,ItalyPowerDemand,10,8,0.9494655004859086,0.9494444444444444,0.7742954324586978,0.1751700680272108
cnn,7,Lightning2,10,6,0.639344262295082,0.6345315904139434,0.5389344262295082,0.10040983606557385
cnn,7,Lightning7,10,10,0.547945205479452,0.5491403834260976,0.2482876712328767,0.2996575342465753
cnn,7,MoteStrain,10,10,0.8218849840255591,0.8117131984060134,0.4822284345047923,0.3396565495207668
cnn,7,Phoneme,10,10,0.06276371308016877,0.03716564720159975,0.0673786919831223,-0.004614978902953523
cnn,7,PickupGestureWiimoteZ,10,10,0.14,0.04791965566714491,0.1325,0.007500000000000007
cnn,7,Plane,10,10,0.9714285714285714,0.9722346618898344,0.2273809523809523,0.7440476190476191
cnn,7,ShakeGestureWiimoteZ,10,10,0.22,0.16419944789510005,0.185,0.035
cnn,7,SonyAIBORobotSurface1,7,2,0.9417637271214643,0.9396684994134636,0.8217554076539102,0.12000831946755408
cnn,7,SonyAIBORobotSurface2,10,10,0.8310598111227702,0.8303417314911568,0.5422350472193075,0.2888247639034627
cnn,7,StarLightCurves,10,10,0.9038368139873725,0.8767525957469138,0.4043224866440019,0.4995143273433706
cnn,7,Trace,10,10,0.7,0.6807065217391304,0.2925,0.4075
cnn,7,Wafer,10,6,0.9800454250486696,0.9503508930588025,0.8087280986372485,0.17131732641142117
cnn,21,AllGestureWiimoteX,10,10,0.49714285714285716,0.48747721031961316,0.1910714285714285,0.30607142857142866
cnn,21,AllGestureWiimoteY,10,10,0.4857142857142857,0.4455403013452253,0.1935714285714285,0.2921428571428572
cnn,21,AllGestureWiimoteZ,10,10,0.47,0.42921883714837794,0.21625,0.25375
cnn,21,Car,6,1,0.21666666666666667,0.08904109589041095,0.25,-0.033333333333333326
cnn,21,ChlorineConcentration,6,1,0.33515625,0.3360656746678252,0.2523763020833333,0.08277994791666671
cnn,21,CinCECGTorso,10,10,0.36884057971014494,0.3104963041923616,0.2730978260869565,0.09574275362318846
cnn,21,DodgerLoopDay,10,10,0.425,0.37222222222222223,0.1671875,0.2578125
cnn,21,DodgerLoopGame,10,10,0.5579710144927537,0.42164204740638955,0.5253623188405797,0.03260869565217395
cnn,21,DodgerLoopWeekend,10,10,0.8985507246376812,0.8785516721146593,0.2608695652173913,0.6376811594202898
cnn,21,Earthquakes,6,1,0.4892086330935252,0.48825512056002074,0.6528776978417267,-0.16366906474820148
cnn,21,FordA,9,4,0.9484848484848485,0.948458225667528,0.9327651515151516,0.015719696969696884
cnn,21,FordB,8,3,0.8271604938271605,0.8271604938271605,0.7816358024691358,0.04552469135802473
cnn,21,FreezerRegularTrain,7,2,0.7673684210526316,0.7673051372173731,0.5253070175438597,0.24206140350877192
cnn,21,FreezerSmallTrain,10,10,0.7624561403508772,0.7624554092194805,0.5527631578947368,0.20969298245614032
cnn,21,GesturePebbleZ1,10,10,0.43023255813953487,0.43292316416570703,0.1962209302325581,0.23401162790697677
cnn,21,GesturePebbleZ2,10,10,0.3987341772151899,0.3817907162988569,0.2041139240506329,0.194620253164557
cnn,21,InsectWingbeatSound,10,10,0.36515151515151517,0.2936617026143259,0.1378787878787878,0.22727272727272738
cnn,21,ItalyPowerDemand,10,10,0.9212827988338192,0.9211111395057627,0.7742954324586978,0.14698736637512144
cnn,21,Lightning2,6,1,0.6065573770491803,0.5812356979405034,0.5389344262295082,0.06762295081967218
cnn,21,Lightning7,10,8,0.4383561643835616,0.4139873818949557,0.2482876712328767,0.19006849315068491
cnn,21,MoteStrain,10,10,0.7883386581469649,0.787801360378885,0.4822284345047923,0.3061102236421726
cnn,21,Phoneme,10,10,0.13871308016877637,0.07232256126226815,0.0673786919831223,0.07133438818565407
cnn,21,PickupGestureWiimoteZ,10,10,0.16,0.17781512605042016,0.1325,0.027499999999999997
cnn,21,Plane,10,10,0.9904761904761905,0.9907834101382489,0.2273809523809523,0.7630952380952383
cnn,21,ShakeGestureWiimoteZ,10,10,0.5,0.45001165501165497,0.185,0.315
cnn,21,SonyAIBORobotSurface1,10,9,0.9234608985024958,0.922664204990489,0.8217554076539102,0.1017054908485856
cnn,21,SonyAIBORobotSurface2,6,1,0.8457502623294858,0.8445997437561357,0.5422350472193075,0.3035152151101783
cnn,21,StarLightCurves,10,10,0.9284847013113162,0.9081024763270668,0.4043224866440019,0.5241622146673144
cnn,21,Trace,10,10,0.95,0.9416294088425237,0.2925,0.6575
cnn,21,Wafer,10,6,0.987183646982479,0.9676664093689566,0.8087280986372485,0.17845554834523047
cnn,42,AllGestureWiimoteX,10,10,0.4828571428571429,0.4739591486513521,0.1910714285714285,0.29178571428571437
cnn,42,AllGestureWiimoteY,10,10,0.5114285714285715,0.4989663312453773,0.1935714285714285,0.31785714285714295
cnn,42,AllGestureWiimoteZ,10,10,0.4757142857142857,0.435343375736512,0.21625,0.2594642857142857
cnn,42,Car,10,10,0.4,0.2857142857142857,0.25,0.15000000000000002
cnn,42,ChlorineConcentration,7,2,0.28854166666666664,0.27482180928773636,0.2523763020833333,0.03616536458333336
cnn,42,CinCECGTorso,10,10,0.28840579710144926,0.24883738856292167,0.2730978260869565,0.015307971014492772
cnn,42,DodgerLoopDay,7,2,0.35,0.25702227379246007,0.1671875,0.1828125
cnn,42,DodgerLoopGame,10,10,0.6086956521739131,0.6079545454545454,0.5253623188405797,0.08333333333333337
cnn,42,DodgerLoopWeekend,10,10,0.9130434782608695,0.8910526315789473,0.2608695652173913,0.6521739130434783
cnn,42,Earthquakes,10,5,0.6258992805755396,0.6035541904344011,0.6528776978417267,-0.026978417266187105
cnn,42,FordA,10,6,0.9424242424242424,0.9423860182719941,0.9327651515151516,0.009659090909090784
cnn,42,FordB,6,1,0.8049382716049382,0.8045522018802573,0.7816358024691358,0.023302469135802473
cnn,42,FreezerRegularTrain,10,10,0.7856140350877193,0.7850729401728032,0.5253070175438597,0.26030701754385965
cnn,42,FreezerSmallTrain,10,10,0.7568421052631579,0.7538734662499278,0.5527631578947368,0.20407894736842103
cnn,42,GesturePebbleZ1,10,10,0.436046511627907,0.41645962291963956,0.1962209302325581,0.23982558139534887
cnn,42,GesturePebbleZ2,10,10,0.5569620253164557,0.561057243626069,0.2041139240506329,0.3528481012658228
cnn,42,InsectWingbeatSound,10,10,0.36262626262626263,0.31812612498769943,0.1378787878787878,0.22474747474747483
cnn,42,ItalyPowerDemand,10,10,0.9484936831875608,0.9484919319421423,0.7742954324586978,0.17419825072886297
cnn,42,Lightning2,10,10,0.6721311475409836,0.6677559912854031,0.5389344262295082,0.13319672131147542
cnn,42,Lightning7,6,1,0.4383561643835616,0.4451231527093596,0.2482876712328767,0.19006849315068491
cnn,42,MoteStrain,10,10,0.8075079872204473,0.8071880493551358,0.4822284345047923,0.32527955271565495
cnn,42,Phoneme,10,8,0.11023206751054852,0.05988887659211649,0.0673786919831223,0.04285337552742623
cnn,42,PickupGestureWiimoteZ,6,1,0.22,0.18968253968253967,0.1325,0.0875
cnn,42,Plane,10,10,0.9714285714285714,0.9722346618898344,0.2273809523809523,0.7440476190476191
cnn,42,ShakeGestureWiimoteZ,10,10,0.56,0.553051948051948,0.185,0.37500000000000006
cnn,42,SonyAIBORobotSurface1,10,10,0.8685524126455907,0.8630943970749796,0.8217554076539102,0.04679700499168049
cnn,42,SonyAIBORobotSurface2,10,10,0.8184679958027282,0.8179259087470527,0.5422350472193075,0.27623294858342073
cnn,42,StarLightCurves,10,10,0.8703254006799417,0.8485597725711508,0.4043224866440019,0.4660029140359398
cnn,42,Trace,10,10,0.75,0.7081470442126179,0.2925,0.4575
cnn,42,Wafer,10,7,0.9931862426995457,0.9826217707148832,0.8087280986372485,0.1844581440622972
cnn,63,AllGestureWiimoteX,10,10,0.52,0.5078884258495783,0.1910714285714285,0.3289285714285715
cnn,63,AllGestureWiimoteY,10,10,0.5185714285714286,0.5040960504078278,0.1935714285714285,0.32500000000000007
cnn,63,AllGestureWiimoteZ,10,10,0.4614285714285714,0.4457445876935271,0.21625,0.2451785714285714
cnn,63,Car,10,10,0.06666666666666667,0.04351351351351351,0.25,-0.18333333333333335
cnn,63,ChlorineConcentration,10,9,0.31666666666666665,0.29931179988886164,0.2523763020833333,0.06429036458333337
cnn,63,CinCECGTorso,6,1,0.22971014492753622,0.18961365486574794,0.2730978260869565,-0.043387681159420266
cnn,63,DodgerLoopDay,10,10,0.375,0.31292517006802717,0.1671875,0.2078125
cnn,63,DodgerLoopGame,10,10,0.5289855072463768,0.35942298078983076,0.5253623188405797,0.0036231884057971175
cnn,63,DodgerLoopWeekend,10,10,0.7608695652173914,0.7463659147869675,0.2608695652173913,0.5
cnn,63,Earthquakes,8,3,0.5827338129496403,0.5637445887445888,0.6528776978417267,-0.07014388489208634
cnn,63,FordA,10,5,0.9462121212121212,0.9462083856833492,0.9327651515151516,0.013446969696969568
cnn,63,FordB,10,6,0.8345679012345679,0.8345517624032828,0.7816358024691358,0.052932098765432145
cnn,63,FreezerRegularTrain,10,10,0.7673684210526316,0.767367017664988,0.5253070175438597,0.24206140350877192
cnn,63,FreezerSmallTrain,10,10,0.7635087719298246,0.7634710321277485,0.5527631578947368,0.21074561403508774
cnn,63,GesturePebbleZ1,10,10,0.563953488372093,0.5525833386411368,0.1962209302325581,0.3677325581395349
cnn,63,GesturePebbleZ2,10,10,0.5316455696202531,0.5210307686977678,0.2041139240506329,0.3275316455696202
cnn,63,InsectWingbeatSound,10,10,0.37424242424242427,0.35998521974801323,0.1378787878787878,0.23636363636363647
cnn,63,ItalyPowerDemand,10,10,0.9387755102040817,0.9387734285349993,0.7742954324586978,0.16448007774538387
cnn,63,Lightning2,10,10,0.7213114754098361,0.7136150234741784,0.5389344262295082,0.18237704918032793
cnn,63,Lightning7,10,10,0.3972602739726027,0.3907289535860965,0.2482876712328767,0.148972602739726
cnn,63,MoteStrain,10,10,0.8793929712460063,0.8786945476968249,0.4822284345047923,0.39716453674121405
cnn,63,Phoneme,10,10,0.07383966244725738,0.06034203938718156,0.0673786919831223,0.006460970464135088
cnn,63,PickupGestureWiimoteZ,10,10,0.28,0.24575643654591026,0.1325,0.14750000000000002
cnn,63,Plane,10,10,0.8476190476190476,0.8207758182806526,0.2273809523809523,0.6202380952380953
cnn,63,ShakeGestureWiimoteZ,10,10,0.34,0.2883882783882784,0.185,0.15500000000000003
cnn,63,SonyAIBORobotSurface1,6,1,0.940099833610649,0.9396303488917164,0.8217554076539102,0.11834442595673877
cnn,63,SonyAIBORobotSurface2,10,10,0.8751311647429171,0.8734450831316279,0.5422350472193075,0.3328961175236096
cnn,63,StarLightCurves,9,4,0.9204711024769305,0.8980360442438032,0.4043224866440019,0.5161486158329287
cnn,63,Trace,10,10,0.86,0.8493589743589743,0.2925,0.5675
cnn,63,Wafer,7,2,0.9931862426995457,0.9825315277018685,0.8087280986372485,0.1844581440622972
cnn,84,AllGestureWiimoteX,10,10,0.47714285714285715,0.4602564923904233,0.1910714285714285,0.28607142857142864
cnn,84,AllGestureWiimoteY,10,10,0.5485714285714286,0.5328769130488276,0.1935714285714285,0.3550000000000001
cnn,84,AllGestureWiimoteZ,10,10,0.42142857142857143,0.3815497978239567,0.21625,0.20517857142857143
cnn,84,Car,10,10,0.23333333333333334,0.0945945945945946,0.25,-0.016666666666666663
cnn,84,ChlorineConcentration,10,6,0.4434895833333333,0.43227612130320203,0.2523763020833333,0.19111328125000004
cnn,84,CinCECGTorso,10,10,0.33405797101449275,0.2861687453878268,0.2730978260869565,0.060960144927536264
cnn,84,DodgerLoopDay,10,10,0.425,0.3718783736932557,0.1671875,0.2578125
cnn,84,DodgerLoopGame,10,10,0.5434782608695652,0.4026794915836482,0.5253623188405797,0.018115942028985477
cnn,84,DodgerLoopWeekend,10,7,0.855072463768116,0.8048642533936652,0.2608695652173913,0.5942028985507246
cnn,84,Earthquakes,7,2,0.60431654676259,0.5507433742727861,0.6528776978417267,-0.04856115107913672
cnn,84,FordA,10,10,0.956060606060606,0.9560378983634797,0.9327651515151516,0.023295454545454453
cnn,84,FordB,10,8,0.837037037037037,0.8369883397570376,0.7816358024691358,0.05540123456790125
cnn,84,FreezerRegularTrain,10,10,0.7817543859649123,0.780630435977054,0.5253070175438597,0.25644736842105265
cnn,84,FreezerSmallTrain,10,10,0.5,0.3333333333333333,0.5527631578947368,-0.052763157894736845
cnn,84,GesturePebbleZ1,10,10,0.47674418604651164,0.46694891300733765,0.1962209302325581,0.28052325581395354
cnn,84,GesturePebbleZ2,10,10,0.4936708860759494,0.4757365442388388,0.2041139240506329,0.2895569620253165
cnn,84,InsectWingbeatSound,10,10,0.4202020202020202,0.40500272554886574,0.1378787878787878,0.2823232323232324
cnn,84,ItalyPowerDemand,10,10,0.9416909620991254,0.9416909070303351,0.7742954324586978,0.1673955296404276
cnn,84,Lightning2,10,10,0.6229508196721312,0.6213225371120108,0.5389344262295082,0.08401639344262302
cnn,84,Lightning7,10,9,0.3972602739726027,0.36669529752236524,0.2482876712328767,0.148972602739726
cnn,84,MoteStrain,10,10,0.8578274760383386,0.8578096966263172,0.4822284345047923,0.37559904153354634
cnn,84,Phoneme,10,10,0.09335443037974683,0.06037136155900236,0.0673786919831223,0.025975738396624537
cnn,84,PickupGestureWiimoteZ,10,10,0.28,0.19286019536019536,0.1325,0.14750000000000002
cnn,84,Plane,10,10,0.9904761904761905,0.9907834101382489,0.2273809523809523,0.7630952380952383
cnn,84,ShakeGestureWiimoteZ,10,10,0.52,0.4780924630924631,0.185,0.335
cnn,84,SonyAIBORobotSurface1,10,10,0.978369384359401,0.9780364045259681,0.8217554076539102,0.15661397670549082
cnn,84,SonyAIBORobotSurface2,10,10,0.881427072402938,0.8797664305292715,0.5422350472193075,0.33919202518363056
cnn,84,StarLightCurves,8,3,0.8916949975716367,0.8688351353556637,0.4043224866440019,0.48737251092763484
cnn,84,Trace,10,10,0.98,0.9782407407407407,0.2925,0.6875
cnn,84,Wafer,10,10,0.9938351719662557,0.983858514607358,0.8087280986372485,0.18510707332900722
cnn,105,AllGestureWiimoteX,10,10,0.5271428571428571,0.5034190402126419,0.1910714285714285,0.33607142857142863
cnn,105,AllGestureWiimoteY,10,10,0.5471428571428572,0.532379073434397,0.1935714285714285,0.35357142857142865
cnn,105,AllGestureWiimoteZ,10,10,0.4857142857142857,0.43631979434629875,0.21625,0.2694642857142857
cnn,105,Car,10,10,0.3,0.1492877492877493,0.25,0.04999999999999999
cnn,105,ChlorineConcentration,10,10,0.34140625,0.34341731114121643,0.2523763020833333,0.08902994791666674
cnn,105,CinCECGTorso,10,10,0.34347826086956523,0.25555761455133397,0.2730978260869565,0.07038043478260875
cnn,105,DodgerLoopDay,10,10,0.4625,0.35443604015032587,0.1671875,0.29531250000000003
cnn,105,DodgerLoopGame,10,10,0.6014492753623188,0.5628635604446237,0.5253623188405797,0.07608695652173914
cnn,105,DodgerLoopWeekend,10,10,0.9130434782608695,0.8910526315789473,0.2608695652173913,0.6521739130434783
cnn,105,Earthquakes,8,3,0.6402877697841727,0.5843301435406698,0.6528776978417267,-0.01258992805755399
cnn,105,FordA,8,3,0.9371212121212121,0.9371182889011713,0.9327651515151516,0.00435606060606053
cnn,105,FordB,9,4,0.828395061728395,0.8273506396720904,0.7816358024691358,0.04675925925925928
cnn,105,FreezerRegularTrain,10,10,0.7673684210526316,0.7637439670033013,0.5253070175438597,0.24206140350877192
cnn,105,FreezerSmallTrain,10,10,0.7533333333333333,0.7514665711342976,0.5527631578947368,0.20057017543859645
cnn,105,GesturePebbleZ1,10,10,0.4883720930232558,0.4822862581195914,0.1962209302325581,0.2921511627906977
cnn,105,GesturePebbleZ2,10,10,0.5506329113924051,0.5258473592132882,0.2041139240506329,0.3465189873417722
cnn,105,InsectWingbeatSound,10,10,0.4409090909090909,0.3951859281356958,0.1378787878787878,0.3030303030303031
cnn,105,ItalyPowerDemand,10,10,0.9620991253644315,0.9620985526408992,0.7742954324586978,0.18780369290573373
cnn,105,Lightning2,10,10,0.639344262295082,0.6221846846846847,0.5389344262295082,0.10040983606557385
cnn,105,Lightning7,10,10,0.4794520547945205,0.4851507085047458,0.2482876712328767,0.23116438356164382
cnn,105,MoteStrain,10,10,0.8202875399361023,0.8197400340299077,0.4822284345047923,0.33805910543130996
cnn,105,Phoneme,9,4,0.09229957805907173,0.05737980627463955,0.0673786919831223,0.02492088607594943
cnn,105,PickupGestureWiimoteZ,10,10,0.22,0.10565302144249511,0.1325,0.0875
cnn,105,Plane,10,10,0.9904761904761905,0.9907834101382489,0.2273809523809523,0.7630952380952383
cnn,105,ShakeGestureWiimoteZ,10,10,0.28,0.2237373737373737,0.185,0.09500000000000003
cnn,105,SonyAIBORobotSurface1,10,10,0.8552412645590682,0.855226835379951,0.8217554076539102,0.03348585690515804
cnn,105,SonyAIBORobotSurface2,10,10,0.8656873032528857,0.8640998217468805,0.5422350472193075,0.3234522560335782
cnn,105,StarLightCurves,10,6,0.9477901894123361,0.9274279467373657,0.4043224866440019,0.5434677027683341
cnn,105,Trace,10,10,1.0,1.0,0.2925,0.7075
cnn,105,Wafer,9,4,0.9853990914990266,0.9618719867556769,0.8087280986372485,0.17667099286177812
cnn,126,AllGestureWiimoteX,10,10,0.47,0.43385369091155324,0.1910714285714285,0.27892857142857147
cnn,126,AllGestureWiimoteY,10,10,0.5142857142857142,0.5010003435048755,0.1935714285714285,0.32071428571428573
cnn,126,AllGestureWiimoteZ,10,10,0.46,0.4281336049337178,0.21625,0.24375000000000002
cnn,126,Car,10,10,0.5,0.3625,0.25,0.25
cnn,126,ChlorineConcentration,10,9,0.44479166666666664,0.4111239516290012,0.2523763020833333,0.19241536458333336
cnn,126,CinCECGTorso,10,10,0.2673913043478261,0.15650395244989057,0.2730978260869565,-0.005706521739130388
cnn,126,DodgerLoopDay,10,10,0.35,0.2596912572806085,0.1671875,0.1828125
cnn,126,DodgerLoopGame,10,10,0.6304347826086957,0.621673923560716,0.5253623188405797,0.10507246376811596
cnn,126,DodgerLoopWeekend,9,4,0.8985507246376812,0.8749028749028749,0.2608695652173913,0.6376811594202898
cnn,126,Earthquakes,10,10,0.5899280575539568,0.5604438280166435,0.6528776978417267,-0.06294964028776984
cnn,126,FordA,9,4,0.9386363636363636,0.9385217269805785,0.9327651515151516,0.005871212121211999
cnn,126,FordB,7,2,0.8049382716049382,0.8046703296703297,0.7816358024691358,0.023302469135802473
cnn,126,FreezerRegularTrain,10,10,0.8031578947368421,0.8030554520510823,0.5253070175438597,0.2778508771929824
cnn,126,FreezerSmallTrain,10,10,0.6533333333333333,0.6228704596592736,0.5527631578947368,0.10057017543859648
cnn,126,GesturePebbleZ1,10,10,0.5581395348837209,0.5373021387976523,0.1962209302325581,0.3619186046511628
cnn,126,GesturePebbleZ2,10,10,0.6012658227848101,0.592058481641815,0.2041139240506329,0.3971518987341772
cnn,126,InsectWingbeatSound,10,10,0.39191919191919194,0.3579423499282685,0.1378787878787878,0.2540404040404042
cnn,126,ItalyPowerDemand,10,10,0.9591836734693877,0.9591836349212346,0.7742954324586978,0.1848882410106899
cnn,126,Lightning2,10,10,0.7213114754098361,0.7136150234741784,0.5389344262295082,0.18237704918032793
cnn,126,Lightning7,10,10,0.4931506849315068,0.42633458646616545,0.2482876712328767,0.24486301369863012
cnn,126,MoteStrain,10,10,0.6078274760383386,0.5813248027112013,0.4822284345047923,0.12559904153354634
cnn,126,Phoneme,8,3,0.14767932489451477,0.07151044582757131,0.0673786919831223,0.08030063291139247
cnn,126,PickupGestureWiimoteZ,10,10,0.28,0.22786690433749257,0.1325,0.14750000000000002
cnn,126,Plane,10,10,0.9809523809523809,0.9815476190476191,0.2273809523809523,0.7535714285714286
cnn,126,ShakeGestureWiimoteZ,10,10,0.52,0.4944587275469628,0.185,0.335
cnn,126,SonyAIBORobotSurface1,10,10,0.8968386023294509,0.8961482720178372,0.8217554076539102,0.0750831946755407
cnn,126,SonyAIBORobotSurface2,10,10,0.8394543546694648,0.8385327095041666,0.5422350472193075,0.29721930745015734
cnn,126,StarLightCurves,10,9,0.8876881981544439,0.8657907516076984,0.4043224866440019,0.483365711510442
cnn,126,Trace,10,10,0.72,0.6439393939393939,0.2925,0.4275
cnn,126,Wafer,10,5,0.9917261518494485,0.9786073694483288,0.8087280986372485,0.18299805321219997
cnn,147,AllGestureWiimoteX,10,10,0.4742857142857143,0.4317812918052666,0.1910714285714285,0.2832142857142858
cnn,147,AllGestureWiimoteY,10,10,0.5128571428571429,0.49966964224136756,0.1935714285714285,0.3192857142857144
cnn,147,AllGestureWiimoteZ,10,10,0.48142857142857143,0.4340997564780265,0.21625,0.26517857142857143
cnn,147,Car,10,10,0.4666666666666667,0.3271978021978022,0.25,0.21666666666666667
cnn,147,ChlorineConcentration,8,3,0.4557291666666667,0.3988843324851499,0.2523763020833333,0.2033528645833334
cnn,147,CinCECGTorso,10,10,0.3094202898550725,0.23576634032889024,0.2730978260869565,0.03632246376811599
cnn,147,DodgerLoopDay,10,10,0.3875,0.29645850006401436,0.1671875,0.22031250000000002
cnn,147,DodgerLoopGame,10,10,0.6376811594202898,0.5721726190476191,0.5253623188405797,0.11231884057971009
cnn,147,DodgerLoopWeekend,10,10,0.6811594202898551,0.6712150747238467,0.2608695652173913,0.4202898550724638
cnn,147,Earthquakes,7,2,0.6546762589928058,0.600956937799043,0.6528776978417267,0.0017985611510791255
cnn,147,FordA,6,1,0.9462121212121212,0.9461252673760672,0.9327651515151516,0.013446969696969568
cnn,147,FordB,8,3,0.8185185185185185,0.818345474655784,0.7816358024691358,0.03688271604938276
cnn,147,FreezerRegularTrain,10,10,0.7803508771929825,0.7797407407407407,0.5253070175438597,0.2550438596491228
cnn,147,FreezerSmallTrain,10,10,0.4792982456140351,0.3359943380384468,0.5527631578947368,-0.07346491228070173
cnn,147,GesturePebbleZ1,10,10,0.5058139534883721,0.47856485833246915,0.1962209302325581,0.309593023255814
cnn,147,GesturePebbleZ2,10,10,0.5126582278481012,0.5160362203268382,0.2041139240506329,0.30854430379746833
cnn,147,InsectWingbeatSound,10,10,0.3797979797979798,0.32480283108187924,0.1378787878787878,0.241919191919192
cnn,147,ItalyPowerDemand,6,1,0.9484936831875608,0.9484656489631613,0.7742954324586978,0.17419825072886297
cnn,147,Lightning2,10,10,0.6721311475409836,0.6713362068965517,0.5389344262295082,0.13319672131147542
cnn,147,Lightning7,10,10,0.547945205479452,0.5232444748234222,0.2482876712328767,0.2996575342465753
cnn,147,MoteStrain,10,10,0.8099041533546326,0.808583351320239,0.4822284345047923,0.3276757188498403
cnn,147,Phoneme,10,9,0.0580168776371308,0.04470034831049753,0.0673786919831223,-0.009361814345991495
cnn,147,PickupGestureWiimoteZ,10,10,0.28,0.21313700918964074,0.1325,0.14750000000000002
cnn,147,Plane,10,10,0.9809523809523809,0.9815476190476191,0.2273809523809523,0.7535714285714286
cnn,147,ShakeGestureWiimoteZ,10,10,0.38,0.33272893772893775,0.185,0.195
cnn,147,SonyAIBORobotSurface1,6,1,0.8668885191347754,0.8667258010865949,0.8217554076539102,0.045133111480865185
cnn,147,SonyAIBORobotSurface2,10,10,0.8992654774396642,0.8968782124114051,0.5422350472193075,0.35703043022035674
cnn,147,StarLightCurves,8,3,0.8682612918892666,0.819650646368186,0.4043224866440019,0.4639388052452647
cnn,147,Trace,10,10,0.76,0.7235294117647059,0.2925,0.4675
cnn,147,Wafer,10,8,0.9914016872160935,0.977999316460342,0.8087280986372485,0.18267358857884497
