model,seed,dataset,epochs_trained,best_epoch,test_acc,test_f1_macro,base_test_acc,delta_vs_joint
cnn,7,AllGestureWiimoteX,6,1,0.1071428571428571,0.0654693302599564,0.1910714285714285,-0.0839285714285713
cnn,7,AllGestureWiimoteY,6,1,0.0671428571428571,0.0292965457693666,0.1935714285714285,-0.1264285714285713
cnn,7,AllGestureWiimoteZ,7,2,0.09,0.0277728369779858,0.21625,-0.12625
cnn,7,Car,6,1,0.2333333333333333,0.0945945945945946,0.25,-0.0166666666666666
cnn,7,ChlorineConcentration,10,10,0.3546875,0.2953935194115972,0.2523763020833333,0.1023111979166667
cnn,7,CinCECGTorso,8,3,0.2536231884057971,0.1011560693641618,0.2730978260869565,-0.0194746376811593
cnn,7,DodgerLoopDay,6,1,0.1375,0.0353130016051364,0.1671875,-0.0296874999999999
cnn,7,DodgerLoopGame,10,5,0.6594202898550725,0.6360065099051574,0.5253623188405797,0.1340579710144928
cnn,7,DodgerLoopWeekend,6,1,0.2608695652173913,0.2068965517241379,0.2608695652173913,0.0
cnn,7,Earthquakes,6,1,0.2517985611510791,0.2011494252873563,0.6528776978417267,-0.4010791366906475
cnn,7,FordA,10,10,0.6863636363636364,0.6695202455738887,0.9327651515151516,-0.2464015151515152
cnn,7,FordB,10,10,0.5851851851851851,0.5161290322580645,0.7816358024691358,-0.1964506172839506
cnn,7,FreezerRegularTrain,10,10,0.76,0.7599881803966955,0.5253070175438597,0.2346929824561403
cnn,7,FreezerSmallTrain,6,1,0.5,0.3333333333333333,0.5527631578947368,-0.0527631578947368
cnn,7,GesturePebbleZ1,6,1,0.25,0.1634169633585521,0.1962209302325581,0.0537790697674419
cnn,7,GesturePebbleZ2,6,1,0.1645569620253164,0.1089012781127925,0.2041139240506329,-0.0395569620253164
cnn,7,InsectWingbeatSound,6,1,0.0909090909090909,0.0161074266884501,0.1378787878787878,-0.0469696969696968
cnn,7,ItalyPowerDemand,6,1,0.5422740524781341,0.4432310723332395,0.7742954324586978,-0.2320213799805637
cnn,7,Lightning2,6,1,0.4590163934426229,0.3389162561576355,0.5389344262295082,-0.0799180327868852
cnn,7,Lightning7,10,10,0.1917808219178082,0.1612725898440184,0.2482876712328767,-0.0565068493150685
cnn,7,MoteStrain,10,10,0.7252396166134185,0.719308124454177,0.4822284345047923,0.2430111821086262
cnn,7,Phoneme,8,3,0.0327004219409282,0.003700478375517,0.0673786919831223,-0.034678270042194
cnn,7,PickupGestureWiimoteZ,6,1,0.1,0.0181818181818181,0.1325,-0.0325
cnn,7,Plane,6,1,0.0952380952380952,0.0248447204968944,0.2273809523809523,-0.132142857142857
cnn,7,ShakeGestureWiimoteZ,9,4,0.12,0.0476190476190476,0.185,-0.065
cnn,7,SonyAIBORobotSurface1,8,3,0.5707154742096506,0.3633474576271186,0.8217554076539102,-0.2510399334442595
cnn,7,SonyAIBORobotSurface2,10,10,0.4281217208814271,0.3584774453967513,0.5422350472193075,-0.1141133263378804
cnn,7,StarLightCurves,10,10,0.758135016998543,0.7008478180553036,0.4043224866440019,0.3538125303545411
cnn,7,Trace,7,2,0.19,0.0798319327731092,0.2925,-0.1024999999999999
cnn,7,Wafer,6,1,0.636275146009085,0.4441334238614534,0.8087280986372485,-0.1724529526281635
cnn,21,AllGestureWiimoteX,6,1,0.0885714285714285,0.0366103222898354,0.1910714285714285,-0.1024999999999999
cnn,21,AllGestureWiimoteY,10,10,0.1185714285714285,0.0513450421122142,0.1935714285714285,-0.0749999999999999
cnn,21,AllGestureWiimoteZ,6,1,0.09,0.0316050735366696,0.21625,-0.12625
cnn,21,Car,10,10,0.35,0.2413793103448276,0.25,0.0999999999999999
cnn,21,ChlorineConcentration,10,6,0.2979166666666666,0.2570024277939688,0.2523763020833333,0.0455403645833333
cnn,21,CinCECGTorso,10,10,0.25,0.1,0.2730978260869565,-0.0230978260869564
cnn,21,DodgerLoopDay,6,1,0.1625,0.077077077077077,0.1671875,-0.0046874999999999
cnn,21,DodgerLoopGame,7,2,0.4202898550724637,0.3478260869565217,0.5253623188405797,-0.1050724637681159
cnn,21,DodgerLoopWeekend,7,2,0.7391304347826086,0.425,0.2608695652173913,0.4782608695652173
cnn,21,Earthquakes,6,1,0.2517985611510791,0.2011494252873563,0.6528776978417267,-0.4010791366906475
cnn,21,FordA,10,10,0.7068181818181818,0.6888747319434488,0.9327651515151516,-0.2259469696969698
cnn,21,FordB,10,10,0.562962962962963,0.4809346579389446,0.7816358024691358,-0.2186728395061727
cnn,21,FreezerRegularTrain,10,10,0.7298245614035088,0.7267564288503374,0.5253070175438597,0.2045175438596491
cnn,21,FreezerSmallTrain,6,1,0.6143859649122807,0.5667527725042275,0.5527631578947368,0.0616228070175438
cnn,21,GesturePebbleZ1,6,1,0.0930232558139534,0.0478750640040962,0.1962209302325581,-0.1031976744186046
cnn,21,GesturePebbleZ2,7,2,0.2784810126582278,0.1695409266331252,0.2041139240506329,0.0743670886075949
cnn,21,InsectWingbeatSound,6,1,0.0843434343434343,0.0206201345997536,0.1378787878787878,-0.0535353535353534
cnn,21,ItalyPowerDemand,6,1,0.499514091350826,0.3331173039533376,0.7742954324586978,-0.2747813411078718
cnn,21,Lightning2,8,3,0.5409836065573771,0.351063829787234,0.5389344262295082,0.0020491803278689
cnn,21,Lightning7,7,2,0.136986301369863,0.0344234079173838,0.2482876712328767,-0.1113013698630137
cnn,21,MoteStrain,10,5,0.5399361022364217,0.3537601261739193,0.4822284345047923,0.0577076677316294
cnn,21,Phoneme,6,1,0.0221518987341772,0.0011113757243788,0.0673786919831223,-0.045226793248945
cnn,21,PickupGestureWiimoteZ,6,1,0.06,0.0125,0.1325,-0.0725
cnn,21,Plane,7,2,0.0952380952380952,0.0476190476190476,0.2273809523809523,-0.132142857142857
cnn,21,ShakeGestureWiimoteZ,8,3,0.16,0.1171626984126984,0.185,-0.0249999999999999
cnn,21,SonyAIBORobotSurface1,9,4,0.5707154742096506,0.3633474576271186,0.8217554076539102,-0.2510399334442595
cnn,21,SonyAIBORobotSurface2,10,5,0.6169989506820567,0.381570408825438,0.5422350472193075,0.0747639034627491
cnn,21,StarLightCurves,10,10,0.7637202525497815,0.6217339556514538,0.4043224866440019,0.3593977659057796
cnn,21,Trace,6,1,0.32,0.1778846153846154,0.2925,0.0275
cnn,21,Wafer,10,10,0.7125243348475017,0.520620677838512,0.8087280986372485,-0.0962037637897468
cnn,42,AllGestureWiimoteX,6,1,0.0971428571428571,0.0467641479450966,0.1910714285714285,-0.0939285714285713
cnn,42,AllGestureWiimoteY,6,1,0.1,0.0222857142857142,0.1935714285714285,-0.0935714285714285
cnn,42,AllGestureWiimoteZ,7,2,0.1014285714285714,0.0213333333333333,0.21625,-0.1148214285714285
cnn,42,Car,10,7,0.2333333333333333,0.0945945945945946,0.25,-0.0166666666666666
cnn,42,ChlorineConcentration,10,6,0.26171875,0.2280555442074806,0.2523763020833333,0.0093424479166667
cnn,42,CinCECGTorso,10,10,0.1913043478260869,0.1404301140685261,0.2730978260869565,-0.0817934782608695
cnn,42,DodgerLoopDay,6,1,0.15,0.0372670807453416,0.1671875,-0.0171874999999999
cnn,42,DodgerLoopGame,10,7,0.4782608695652174,0.3235294117647059,0.5253623188405797,-0.0471014492753623
cnn,42,DodgerLoopWeekend,6,1,0.7391304347826086,0.425,0.2608695652173913,0.4782608695652173
cnn,42,Earthquakes,10,10,0.6402877697841727,0.5892434988179669,0.6528776978417267,-0.0125899280575539
cnn,42,FordA,10,10,0.7265151515151516,0.712945119699572,0.9327651515151516,-0.20625
cnn,42,FordB,10,10,0.5753086419753086,0.5128671328671328,0.7816358024691358,-0.2063271604938271
cnn,42,FreezerRegularTrain,10,10,0.623859649122807,0.5944070872024763,0.5253070175438597,0.0985526315789473
cnn,42,FreezerSmallTrain,6,1,0.5059649122807017,0.366826958579299,0.5527631578947368,-0.0467982456140351
cnn,42,GesturePebbleZ1,6,1,0.1569767441860465,0.0452261306532663,0.1962209302325581,-0.0392441860465115
cnn,42,GesturePebbleZ2,10,10,0.0822784810126582,0.0340185118403654,0.2041139240506329,-0.1218354430379746
cnn,42,InsectWingbeatSound,6,1,0.0585858585858585,0.0268671470784394,0.1378787878787878,-0.0792929292929292
cnn,42,ItalyPowerDemand,10,8,0.577259475218659,0.5197804968324384,0.7742954324586978,-0.1970359572400388
cnn,42,Lightning2,8,3,0.4590163934426229,0.3146067415730337,0.5389344262295082,-0.0799180327868852
cnn,42,Lightning7,6,1,0.0958904109589041,0.0249999999999999,0.2482876712328767,-0.1523972602739726
cnn,42,MoteStrain,7,2,0.4608626198083067,0.3154729360306178,0.4822284345047923,-0.0213658146964855
cnn,42,Phoneme,6,1,0.0126582278481012,0.0032721625918266,0.0673786919831223,-0.054720464135021
cnn,42,PickupGestureWiimoteZ,8,3,0.06,0.0202298850574712,0.1325,-0.0725
cnn,42,Plane,6,1,0.1142857142857142,0.0293040293040293,0.2273809523809523,-0.113095238095238
cnn,42,ShakeGestureWiimoteZ,10,5,0.12,0.0533333333333333,0.185,-0.065
cnn,42,SonyAIBORobotSurface1,7,2,0.5507487520798668,0.5237885617692633,0.8217554076539102,-0.2710066555740433
cnn,42,SonyAIBORobotSurface2,6,1,0.3630640083945435,0.3191615321693177,0.5422350472193075,-0.1791710388247639
cnn,42,StarLightCurves,10,10,0.7756192326372026,0.7475205404958317,0.4043224866440019,0.3712967459932006
cnn,42,Trace,7,2,0.26,0.137037037037037,0.2925,-0.0324999999999999
cnn,42,Wafer,10,10,0.6969500324464634,0.5271169637188152,0.8087280986372485,-0.1117780661907851
cnn,63,AllGestureWiimoteX,6,1,0.1042857142857142,0.0335150531377293,0.1910714285714285,-0.0867857142857142
cnn,63,AllGestureWiimoteY,6,1,0.1114285714285714,0.0389031985005139,0.1935714285714285,-0.082142857142857
cnn,63,AllGestureWiimoteZ,6,1,0.1071428571428571,0.0558052717582199,0.21625,-0.1091071428571428
cnn,63,Car,7,2,0.3166666666666666,0.120253164556962,0.25,0.0666666666666666
cnn,63,ChlorineConcentration,10,10,0.2778645833333333,0.2765744501990597,0.2523763020833333,0.02548828125
cnn,63,CinCECGTorso,6,1,0.2507246376811594,0.1015365311560175,0.2730978260869565,-0.022373188405797
cnn,63,DodgerLoopDay,7,2,0.2125,0.1146903205726735,0.1671875,0.0453125
cnn,63,DodgerLoopGame,10,10,0.5,0.3333333333333333,0.5253623188405797,-0.0253623188405797
cnn,63,DodgerLoopWeekend,6,1,0.7391304347826086,0.425,0.2608695652173913,0.4782608695652173
cnn,63,Earthquakes,10,10,0.6546762589928058,0.5905743740795287,0.6528776978417267,0.0017985611510791
cnn,63,FordA,10,10,0.7431818181818182,0.7395911835309522,0.9327651515151516,-0.1895833333333334
cnn,63,FordB,10,10,0.5654320987654321,0.5092801674285399,0.7816358024691358,-0.2162037037037036
cnn,63,FreezerRegularTrain,6,1,0.4947368421052631,0.3309859154929577,0.5253070175438597,-0.0305701754385965
cnn,63,FreezerSmallTrain,10,10,0.5052631578947369,0.3449237089201878,0.5527631578947368,-0.0474999999999999
cnn,63,GesturePebbleZ1,7,2,0.1802325581395348,0.0992557978539286,0.1962209302325581,-0.0159883720930232
cnn,63,GesturePebbleZ2,7,2,0.1139240506329113,0.0795058799004279,0.2041139240506329,-0.0901898734177215
cnn,63,InsectWingbeatSound,6,1,0.0909090909090909,0.0151585329908627,0.1378787878787878,-0.0469696969696968
cnn,63,ItalyPowerDemand,6,1,0.2847424684159378,0.2743745401030169,0.7742954324586978,-0.48955296404276
cnn,63,Lightning2,8,3,0.4426229508196721,0.3068181818181818,0.5389344262295082,-0.096311475409836
cnn,63,Lightning7,8,3,0.2602739726027397,0.0678571428571428,0.2482876712328767,0.011986301369863
cnn,63,MoteStrain,7,2,0.4608626198083067,0.3154729360306178,0.4822284345047923,-0.0213658146964855
cnn,63,Phoneme,6,1,0.0316455696202531,0.004822950916666,0.0673786919831223,-0.0357331223628691
cnn,63,PickupGestureWiimoteZ,10,6,0.08,0.0186046511627906,0.1325,-0.0525
cnn,63,Plane,6,1,0.1428571428571428,0.0357142857142857,0.2273809523809523,-0.0845238095238094
cnn,63,ShakeGestureWiimoteZ,9,4,0.1,0.0181818181818181,0.185,-0.0849999999999999
cnn,63,SonyAIBORobotSurface1,8,3,0.4292845257903494,0.3003492433061699,0.8217554076539102,-0.3924708818635607
cnn,63,SonyAIBORobotSurface2,10,5,0.6274921301154249,0.4244904763605867,0.5422350472193075,0.0852570828961174
cnn,63,StarLightCurves,10,10,0.8195726080621661,0.6597478877924728,0.4043224866440019,0.4152501214181642
cnn,63,Trace,6,1,0.29,0.1124031007751938,0.2925,-0.0025
cnn,63,Wafer,8,3,0.382219338092148,0.3536463989813654,0.8087280986372485,-0.4265087605451005
cnn,84,AllGestureWiimoteX,10,9,0.1071428571428571,0.0606286685937001,0.1910714285714285,-0.0839285714285713
cnn,84,AllGestureWiimoteY,6,1,0.1042857142857142,0.0340495924931121,0.1935714285714285,-0.0892857142857142
cnn,84,AllGestureWiimoteZ,6,1,0.1157142857142857,0.0558673488428178,0.21625,-0.1005357142857142
cnn,84,Car,6,1,0.3166666666666666,0.120253164556962,0.25,0.0666666666666666
cnn,84,ChlorineConcentration,10,10,0.3270833333333333,0.3159201323966942,0.2523763020833333,0.07470703125
cnn,84,CinCECGTorso,10,10,0.2920289855072464,0.2046343705396474,0.2730978260869565,0.0189311594202898
cnn,84,DodgerLoopDay,6,1,0.1375,0.0345368916797488,0.1671875,-0.0296874999999999
cnn,84,DodgerLoopGame,8,3,0.5217391304347826,0.3428571428571428,0.5253623188405797,-0.0036231884057971
cnn,84,DodgerLoopWeekend,8,3,0.7391304347826086,0.425,0.2608695652173913,0.4782608695652173
cnn,84,Earthquakes,9,4,0.2517985611510791,0.2011494252873563,0.6528776978417267,-0.4010791366906475
cnn,84,FordA,10,10,0.6863636363636364,0.6806869600987249,0.9327651515151516,-0.2464015151515152
cnn,84,FordB,10,10,0.5740740740740741,0.5047767906984163,0.7816358024691358,-0.2075617283950617
cnn,84,FreezerRegularTrain,6,1,0.5,0.3333333333333333,0.5253070175438597,-0.0253070175438596
cnn,84,FreezerSmallTrain,7,2,0.5,0.3333333333333333,0.5527631578947368,-0.0527631578947368
cnn,84,GesturePebbleZ1,6,1,0.2441860465116279,0.1655102415003405,0.1962209302325581,0.0479651162790698
cnn,84,GesturePebbleZ2,6,1,0.1645569620253164,0.0842844869906725,0.2041139240506329,-0.0395569620253164
cnn,84,InsectWingbeatSound,6,1,0.0989898989898989,0.0242853650928491,0.1378787878787878,-0.0388888888888888
cnn,84,ItalyPowerDemand,6,1,0.5014577259475219,0.3339805825242718,0.7742954324586978,-0.2728377065111759
cnn,84,Lightning2,7,2,0.5901639344262295,0.5598845598845599,0.5389344262295082,0.0512295081967213
cnn,84,Lightning7,7,2,0.1643835616438356,0.0403361344537815,0.2482876712328767,-0.0839041095890411
cnn,84,MoteStrain,7,2,0.3905750798722044,0.2840164441263214,0.4822284345047923,-0.0916533546325878
cnn,84,Phoneme,9,4,0.02584388185654,0.0039041870070788,0.0673786919831223,-0.0415348101265822
cnn,84,PickupGestureWiimoteZ,8,3,0.1,0.0196078431372549,0.1325,-0.0325
cnn,84,Plane,9,4,0.0952380952380952,0.0248447204968944,0.2273809523809523,-0.132142857142857
cnn,84,ShakeGestureWiimoteZ,9,4,0.1,0.0181818181818181,0.185,-0.0849999999999999
cnn,84,SonyAIBORobotSurface1,10,10,0.4276206322795341,0.2995337995337995,0.8217554076539102,-0.3941347753743761
cnn,84,SonyAIBORobotSurface2,10,7,0.4868835257082896,0.4865013173074698,0.5422350472193075,-0.0553515215110178
cnn,84,StarLightCurves,10,10,0.7503642544924721,0.7347987355372689,0.4043224866440019,0.3460417678484702
cnn,84,Trace,6,1,0.34,0.2097069597069596,0.2925,0.0475
cnn,84,Wafer,10,10,0.7316677482154446,0.4832041249362575,0.8087280986372485,-0.0770603504218039
cnn,105,AllGestureWiimoteX,6,1,0.1071428571428571,0.0294943213715075,0.1910714285714285,-0.0839285714285713
cnn,105,AllGestureWiimoteY,6,1,0.1257142857142857,0.0425539760679978,0.1935714285714285,-0.0678571428571427
cnn,105,AllGestureWiimoteZ,6,1,0.1214285714285714,0.0417448232741182,0.21625,-0.0948214285714285
cnn,105,Car,6,1,0.2166666666666666,0.0890410958904109,0.25,-0.0333333333333333
cnn,105,ChlorineConcentration,10,10,0.30078125,0.2963269279035255,0.2523763020833333,0.0484049479166667
cnn,105,CinCECGTorso,10,8,0.2927536231884058,0.1688982555421764,0.2730978260869565,0.0196557971014493
cnn,105,DodgerLoopDay,6,1,0.2,0.103359173126615,0.1671875,0.0328125
cnn,105,DodgerLoopGame,7,2,0.4782608695652174,0.3235294117647059,0.5253623188405797,-0.0471014492753623
cnn,105,DodgerLoopWeekend,8,3,0.7391304347826086,0.425,0.2608695652173913,0.4782608695652173
cnn,105,Earthquakes,10,6,0.7482014388489209,0.4279835390946502,0.6528776978417267,0.0953237410071942
cnn,105,FordA,10,10,0.5613636363636364,0.5613210877317647,0.9327651515151516,-0.3714015151515152
cnn,105,FordB,10,10,0.5753086419753086,0.4955975207090308,0.7816358024691358,-0.2063271604938271
cnn,105,FreezerRegularTrain,6,1,0.4449122807017543,0.4432009934874016,0.5253070175438597,-0.0803947368421053
cnn,105,FreezerSmallTrain,7,2,0.5,0.3333333333333333,0.5527631578947368,-0.0527631578947368
cnn,105,GesturePebbleZ1,6,1,0.1569767441860465,0.0746512746512746,0.1962209302325581,-0.0392441860465115
cnn,105,GesturePebbleZ2,10,10,0.1582278481012658,0.0636638733705772,0.2041139240506329,-0.045886075949367
cnn,105,InsectWingbeatSound,6,1,0.0671717171717171,0.0212956811780744,0.1378787878787878,-0.0707070707070706
cnn,105,ItalyPowerDemand,6,1,0.4985422740524781,0.3326848249027237,0.7742954324586978,-0.2757531584062196
cnn,105,Lightning2,7,2,0.639344262295082,0.5514705882352942,0.5389344262295082,0.1004098360655738
cnn,105,Lightning7,10,10,0.136986301369863,0.0348432055749128,0.2482876712328767,-0.1113013698630137
cnn,105,MoteStrain,10,10,0.4520766773162939,0.3245567677072716,0.4822284345047923,-0.0301517571884983
cnn,105,Phoneme,6,1,0.0073839662447257,0.0018249881778723,0.0673786919831223,-0.0599947257383965
cnn,105,PickupGestureWiimoteZ,8,3,0.18,0.127070707070707,0.1325,0.0474999999999999
cnn,105,Plane,6,1,0.0,0.0,0.2273809523809523,-0.2273809523809523
cnn,105,ShakeGestureWiimoteZ,10,7,0.1,0.0212765957446808,0.185,-0.0849999999999999
cnn,105,SonyAIBORobotSurface1,8,3,0.3793677204658902,0.3240002774284792,0.8217554076539102,-0.44238768718802
cnn,105,SonyAIBORobotSurface2,10,5,0.3830010493179433,0.2769347496206373,0.5422350472193075,-0.1592339979013641
cnn,105,StarLightCurves,10,10,0.8014813016027198,0.6310671033254495,0.4043224866440019,0.3971588149587179
cnn,105,Trace,8,3,0.35,0.2223011363636363,0.2925,0.0574999999999999
cnn,105,Wafer,10,10,0.7727125243348475,0.5106044364727533,0.8087280986372485,-0.0360155743024009
cnn,126,AllGestureWiimoteX,6,1,0.0928571428571428,0.0251952752905315,0.1910714285714285,-0.0982142857142856
cnn,126,AllGestureWiimoteY,10,10,0.1128571428571428,0.0835664779233657,0.1935714285714285,-0.0807142857142856
cnn,126,AllGestureWiimoteZ,10,5,0.1042857142857142,0.0303728866449748,0.21625,-0.1119642857142857
cnn,126,Car,7,2,0.2166666666666666,0.1340768865685809,0.25,-0.0333333333333333
cnn,126,ChlorineConcentration,10,10,0.3557291666666666,0.3295549986243955,0.2523763020833333,0.1033528645833333
cnn,126,CinCECGTorso,9,4,0.25,0.1,0.2730978260869565,-0.0230978260869564
cnn,126,DodgerLoopDay,6,1,0.1375,0.0345368916797488,0.1671875,-0.0296874999999999
cnn,126,DodgerLoopGame,8,3,0.4782608695652174,0.3235294117647059,0.5253623188405797,-0.0471014492753623
cnn,126,DodgerLoopWeekend,9,4,0.2608695652173913,0.2068965517241379,0.2608695652173913,0.0
cnn,126,Earthquakes,6,1,0.2517985611510791,0.2011494252873563,0.6528776978417267,-0.4010791366906475
cnn,126,FordA,10,10,0.646969696969697,0.6410154654216516,0.9327651515151516,-0.2857954545454546
cnn,126,FordB,10,10,0.5679012345679012,0.4926228980091489,0.7816358024691358,-0.2137345679012345
cnn,126,FreezerRegularTrain,7,2,0.4817543859649122,0.3251243192043571,0.5253070175438597,-0.0435526315789474
cnn,126,FreezerSmallTrain,7,2,0.7603508771929824,0.7600954220135421,0.5527631578947368,0.2075877192982456
cnn,126,GesturePebbleZ1,6,1,0.1569767441860465,0.0452261306532663,0.1962209302325581,-0.0392441860465115
cnn,126,GesturePebbleZ2,7,2,0.1329113924050632,0.0655207624234173,0.2041139240506329,-0.0712025316455696
cnn,126,InsectWingbeatSound,6,1,0.0712121212121212,0.0135475843624496,0.1378787878787878,-0.0666666666666665
cnn,126,ItalyPowerDemand,6,1,0.4985422740524781,0.3326848249027237,0.7742954324586978,-0.2757531584062196
cnn,126,Lightning2,10,10,0.5737704918032787,0.4253623188405797,0.5389344262295082,0.0348360655737705
cnn,126,Lightning7,7,2,0.2602739726027397,0.0596546310832025,0.2482876712328767,0.011986301369863
cnn,126,MoteStrain,9,4,0.4608626198083067,0.3154729360306178,0.4822284345047923,-0.0213658146964855
cnn,126,Phoneme,9,4,0.02584388185654,0.0061334606036592,0.0673786919831223,-0.0415348101265822
cnn,126,PickupGestureWiimoteZ,7,2,0.1,0.0185185185185185,0.1325,-0.0325
cnn,126,Plane,6,1,0.2,0.0476190476190476,0.2273809523809523,-0.0273809523809522
cnn,126,ShakeGestureWiimoteZ,10,10,0.1,0.0196078431372549,0.185,-0.0849999999999999
cnn,126,SonyAIBORobotSurface1,6,1,0.4226289517470882,0.400287567039066,0.8217554076539102,-0.399126455906822
cnn,126,SonyAIBORobotSurface2,10,9,0.6169989506820567,0.4215049900797115,0.5422350472193075,0.0747639034627491
cnn,126,StarLightCurves,10,10,0.8381495871782418,0.7960959964472695,0.4043224866440019,0.4338271005342399
cnn,126,Trace,6,1,0.21,0.1646551724137931,0.2925,-0.0824999999999999
cnn,126,Wafer,10,10,0.726476314081765,0.572671232842916,0.8087280986372485,-0.0822517845554834
cnn,147,AllGestureWiimoteX,10,10,0.0842857142857142,0.0423269616166846,0.1910714285714285,-0.1067857142857142
cnn,147,AllGestureWiimoteY,6,1,0.1014285714285714,0.0210223630469422,0.1935714285714285,-0.092142857142857
cnn,147,AllGestureWiimoteZ,6,1,0.1028571428571428,0.0330627570177006,0.21625,-0.1133928571428571
cnn,147,Car,7,2,0.2166666666666666,0.0890410958904109,0.25,-0.0333333333333333
cnn,147,ChlorineConcentration,10,10,0.503125,0.3282462481551777,0.2523763020833333,0.2507486979166667
cnn,147,CinCECGTorso,6,1,0.2478260869565217,0.0993031358885017,0.2730978260869565,-0.0252717391304347
cnn,147,DodgerLoopDay,7,2,0.1375,0.0357142857142857,0.1671875,-0.0296874999999999
cnn,147,DodgerLoopGame,6,1,0.4782608695652174,0.3235294117647059,0.5253623188405797,-0.0471014492753623
cnn,147,DodgerLoopWeekend,6,1,0.7318840579710145,0.4225941422594142,0.2608695652173913,0.4710144927536232
cnn,147,Earthquakes,10,7,0.4316546762589928,0.4286977784714635,0.6528776978417267,-0.2212230215827338
cnn,147,FordA,10,10,0.7287878787878788,0.7226734523328857,0.9327651515151516,-0.2039772727272728
cnn,147,FordB,10,10,0.5765432098765432,0.4999559044007408,0.7816358024691358,-0.2050925925925926
cnn,147,FreezerRegularTrain,9,4,0.7442105263157894,0.743307924608772,0.5253070175438597,0.2189035087719297
cnn,147,FreezerSmallTrain,7,2,0.2319298245614035,0.2300984588887892,0.5527631578947368,-0.3208333333333333
cnn,147,GesturePebbleZ1,6,1,0.2034883720930232,0.1004767701359302,0.1962209302325581,0.0072674418604651
cnn,147,GesturePebbleZ2,6,1,0.2215189873417721,0.1198492865159531,0.2041139240506329,0.0174050632911392
cnn,147,InsectWingbeatSound,6,1,0.0909090909090909,0.0151585329908627,0.1378787878787878,-0.0469696969696968
cnn,147,ItalyPowerDemand,6,1,0.6005830903790087,0.5441686058480465,0.7742954324586978,-0.1737123420796891
cnn,147,Lightning2,10,10,0.639344262295082,0.5908536585365853,0.5389344262295082,0.1004098360655738
cnn,147,Lightning7,7,2,0.136986301369863,0.0344234079173838,0.2482876712328767,-0.1113013698630137
cnn,147,MoteStrain,6,1,0.4616613418530351,0.3183934450594009,0.4822284345047923,-0.0205670926517571
cnn,147,Phoneme,6,1,0.0010548523206751,5.464256929360818e-05,0.0673786919831223,-0.0663238396624471
cnn,147,PickupGestureWiimoteZ,6,1,0.1,0.0181818181818181,0.1325,-0.0325
cnn,147,Plane,7,2,0.2095238095238095,0.0822055137844611,0.2273809523809523,-0.0178571428571427
cnn,147,ShakeGestureWiimoteZ,8,3,0.1,0.0188679245283018,0.185,-0.0849999999999999
cnn,147,SonyAIBORobotSurface1,6,1,0.4409317803660565,0.3273105212663895,0.8217554076539102,-0.3808236272878536
cnn,147,SonyAIBORobotSurface2,10,10,0.4438614900314795,0.4104099547088761,0.5422350472193075,-0.0983735571878279
cnn,147,StarLightCurves,10,10,0.7274162214667315,0.673096674010618,0.4043224866440019,0.3230937348227296
cnn,147,Trace,7,2,0.32,0.1623900293255132,0.2925,0.0275
cnn,147,Wafer,8,3,0.481829980532122,0.4127580169361598,0.8087280986372485,-0.3268981181051265
lstm,7,AllGestureWiimoteX,10,10,0.09285714285714286,0.030533574893343463,0.1396428571428571,-0.046785714285714236
lstm,7,AllGestureWiimoteY,10,10,0.1442857142857143,0.05117062135002894,0.165,-0.020714285714285713
lstm,7,AllGestureWiimoteZ,10,10,0.10857142857142857,0.031057730840857122,0.1523214285714285,-0.04374999999999993
lstm,7,Car,6,1,0.23333333333333334,0.0945945945945946,0.2416666666666666,-0.008333333333333276
lstm,7,ChlorineConcentration,10,10,0.24192708333333332,0.16882220764183972,0.3520833333333333,-0.11015624999999998
lstm,7,CinCECGTorso,10,10,0.2246376811594203,0.15014393160340184,0.2831521739130435,-0.05851449275362319
lstm,7,DodgerLoopDay,10,10,0.1375,0.03492063492063492,0.1671875,-0.029687499999999978
lstm,7,DodgerLoopGame,10,10,0.4782608695652174,0.3235294117647059,0.473731884057971,0.004528985507246397
lstm,7,DodgerLoopWeekend,10,10,0.2608695652173913,0.20689655172413793,0.6711956521739131,-0.4103260869565218
lstm,7,Earthquakes,10,10,0.7482014388489209,0.4279835390946502,0.6151079136690647,0.13309352517985618
lstm,7,FordA,10,10,0.5159090909090909,0.3403298350824588,0.715814393939394,-0.19990530303030307
lstm,7,FordB,10,10,0.5061728395061729,0.33828394970958015,0.6385802469135803,-0.13240740740740742
lstm,7,FreezerRegularTrain,10,10,0.5,0.3333333333333333,0.6873684210526315,-0.18736842105263152
lstm,7,FreezerSmallTrain,10,10,0.5,0.3333333333333333,0.6017543859649123,-0.10175438596491226
lstm,7,GesturePebbleZ1,10,10,0.19186046511627908,0.06352982641642435,0.2347383720930232,-0.04287790697674412
lstm,7,GesturePebbleZ2,10,10,0.17721518987341772,0.1094017094017094,0.2120253164556962,-0.03481012658227847
lstm,7,InsectWingbeatSound,10,10,0.09090909090909091,0.01515151515151515,0.1147727272727272,-0.023863636363636295
lstm,7,ItalyPowerDemand,10,10,0.4324586977648202,0.32221390094471564,0.5949951409135082,-0.16253644314868804
lstm,7,Lightning2,10,10,0.5901639344262295,0.5598845598845599,0.5389344262295082,0.05122950819672134
lstm,7,Lightning7,10,10,0.2602739726027397,0.059006211180124224,0.1900684931506849,0.07020547945205483
lstm,7,MoteStrain,6,1,0.6261980830670927,0.5399877526025719,0.5943490415335463,0.031849041533546396
lstm,7,Phoneme,6,1,0.011603375527426161,0.0016260762867097711,0.0372494725738396,-0.02564609704641344
lstm,7,PickupGestureWiimoteZ,10,10,0.08,0.019047619047619046,0.095,-0.015
lstm,7,Plane,10,10,0.09523809523809523,0.031055900621118012,0.2964285714285714,-0.20119047619047614
lstm,7,ShakeGestureWiimoteZ,10,10,0.1,0.046285714285714284,0.12,-0.01999999999999999
lstm,7,SonyAIBORobotSurface1,10,10,0.4292845257903494,0.30034924330616997,0.6295757071547421,-0.20029118136439267
lstm,7,SonyAIBORobotSurface2,6,1,0.6169989506820567,0.381570408825438,0.6382476390346274,-0.021248688352570766
lstm,7,StarLightCurves,10,10,0.5982272948033026,0.29381866450616506,0.7347771976687713,-0.13654990286546864
lstm,7,Trace,10,10,0.18,0.0967741935483871,0.355,-0.175
lstm,7,Wafer,10,9,0.8921155094094744,0.4714910400411558,0.8539097988319273,0.03820571057754707
lstm,21,AllGestureWiimoteX,10,10,0.15571428571428572,0.07173073953991045,0.1396428571428571,0.016071428571428625
lstm,21,AllGestureWiimoteY,10,10,0.1442857142857143,0.06959004459004459,0.165,-0.020714285714285713
lstm,21,AllGestureWiimoteZ,10,10,0.11142857142857143,0.036051351741508995,0.1523214285714285,-0.040892857142857064
lstm,21,Car,10,10,0.21666666666666667,0.08904109589041095,0.2416666666666666,-0.02499999999999994
lstm,21,ChlorineConcentration,10,5,0.5330729166666667,0.23324267663890305,0.3520833333333333,0.18098958333333337
lstm,21,CinCECGTorso,6,1,0.2289855072463768,0.13638936049801925,0.2831521739130435,-0.05416666666666667
lstm,21,DodgerLoopDay,7,2,0.15,0.037267080745341616,0.1671875,-0.017187499999999994
lstm,21,DodgerLoopGame,8,3,0.4782608695652174,0.3235294117647059,0.473731884057971,0.004528985507246397
lstm,21,DodgerLoopWeekend,10,10,0.2608695652173913,0.20689655172413793,0.6711956521739131,-0.4103260869565218
lstm,21,Earthquakes,6,1,0.2517985611510791,0.20114942528735633,0.6151079136690647,-0.3633093525179856
lstm,21,FordA,10,10,0.49772727272727274,0.35496281948378455,0.715814393939394,-0.2180871212121212
lstm,21,FordB,10,10,0.5049382716049383,0.3355209187858901,0.6385802469135803,-0.13364197530864197
lstm,21,FreezerRegularTrain,10,10,0.5014035087719299,0.33706164032739566,0.6873684210526315,-0.18596491228070167
lstm,21,FreezerSmallTrain,10,10,0.5,0.3333333333333333,0.6017543859649123,-0.10175438596491226
lstm,21,GesturePebbleZ1,6,1,0.1744186046511628,0.08782508107661481,0.2347383720930232,-0.060319767441860406
lstm,21,GesturePebbleZ2,10,10,0.15822784810126583,0.05537098560354373,0.2120253164556962,-0.05379746835443036
lstm,21,InsectWingbeatSound,10,10,0.05353535353535353,0.012327683986894256,0.1147727272727272,-0.061237373737373674
lstm,21,ItalyPowerDemand,10,8,0.5510204081632653,0.4419005982512655,0.5949951409135082,-0.043974732750242995
lstm,21,Lightning2,10,10,0.45901639344262296,0.3146067415730337,0.5389344262295082,-0.0799180327868852
lstm,21,Lightning7,7,2,0.0547945205479452,0.015037593984962405,0.1900684931506849,-0.13527397260273968
lstm,21,MoteStrain,6,1,0.21805111821086262,0.2150822086675312,0.5943490415335463,-0.37629792332268364
lstm,21,Phoneme,6,1,0.11286919831223628,0.005268535273336041,0.0372494725738396,0.07561972573839668
lstm,21,PickupGestureWiimoteZ,10,10,0.1,0.05138888888888889,0.095,0.0050000000000000044
lstm,21,Plane,10,10,0.11428571428571428,0.031454783748361734,0.2964285714285714,-0.1821428571428571
lstm,21,ShakeGestureWiimoteZ,10,10,0.04,0.01111111111111111,0.12,-0.07999999999999999
lstm,21,SonyAIBORobotSurface1,6,1,0.4292845257903494,0.30034924330616997,0.6295757071547421,-0.20029118136439267
lstm,21,SonyAIBORobotSurface2,6,1,0.6411332633788038,0.4813134978229318,0.6382476390346274,0.002885624344176385
lstm,21,StarLightCurves,10,10,0.8206653715395823,0.5986461183622045,0.7347771976687713,0.08588817387081105
lstm,21,Trace,10,10,0.19,0.07983193277310924,0.355,-0.16499999999999998
lstm,21,Wafer,10,10,0.8921155094094744,0.4714910400411558,0.8539097988319273,0.03820571057754707
lstm,42,AllGestureWiimoteX,10,10,0.07,0.016987774340845484,0.1396428571428571,-0.06964285714285709
lstm,42,AllGestureWiimoteY,10,10,0.09571428571428571,0.023978165537279425,0.165,-0.0692857142857143
lstm,42,AllGestureWiimoteZ,10,10,0.13142857142857142,0.06747711298640093,0.1523214285714285,-0.020892857142857074
lstm,42,Car,6,1,0.23333333333333334,0.0945945945945946,0.2416666666666666,-0.008333333333333276
lstm,42,ChlorineConcentration,10,10,0.34739583333333335,0.25919598548990014,0.3520833333333333,-0.004687499999999956
lstm,42,CinCECGTorso,6,1,0.22028985507246376,0.14705882352941177,0.2831521739130435,-0.06286231884057972
lstm,42,DodgerLoopDay,10,5,0.1375,0.03453689167974882,0.1671875,-0.029687499999999978
lstm,42,DodgerLoopGame,6,1,0.6014492753623188,0.5705799151343706,0.473731884057971,0.12771739130434784
lstm,42,DodgerLoopWeekend,10,10,0.2608695652173913,0.20689655172413793,0.6711956521739131,-0.4103260869565218
lstm,42,Earthquakes,6,1,0.7482014388489209,0.4279835390946502,0.6151079136690647,0.13309352517985618
lstm,42,FordA,10,10,0.5159090909090909,0.3403298350824588,0.715814393939394,-0.19990530303030307
lstm,42,FordB,10,10,0.5049382716049383,0.3355209187858901,0.6385802469135803,-0.13364197530864197
lstm,42,FreezerRegularTrain,10,10,0.5,0.3333333333333333,0.6873684210526315,-0.18736842105263152
lstm,42,FreezerSmallTrain,10,10,0.5,0.3333333333333333,0.6017543859649123,-0.10175438596491226
lstm,42,GesturePebbleZ1,6,1,0.1686046511627907,0.0638001638001638,0.2347383720930232,-0.06613372093023251
lstm,42,GesturePebbleZ2,10,10,0.15822784810126583,0.0462962962962963,0.2120253164556962,-0.05379746835443036
lstm,42,InsectWingbeatSound,10,10,0.09141414141414142,0.01616947046181385,0.1147727272727272,-0.023358585858585787
lstm,42,ItalyPowerDemand,10,10,0.5014577259475219,0.3339805825242718,0.5949951409135082,-0.09353741496598633
lstm,42,Lightning2,10,10,0.5573770491803278,0.5040650406504065,0.5389344262295082,0.018442622950819665
lstm,42,Lightning7,6,1,0.136986301369863,0.03442340791738382,0.1900684931506849,-0.05308219178082188
lstm,42,MoteStrain,10,10,0.3913738019169329,0.2875207241116638,0.5943490415335463,-0.2029752396166134
lstm,42,Phoneme,6,1,0.011075949367088608,0.0016437839756791668,0.0372494725738396,-0.026173523206750992
lstm,42,PickupGestureWiimoteZ,10,10,0.08,0.045940170940170943,0.095,-0.015
lstm,42,Plane,10,10,0.1619047619047619,0.039812646370023415,0.2964285714285714,-0.13452380952380946
lstm,42,ShakeGestureWiimoteZ,10,10,0.06,0.043333333333333335,0.12,-0.06
lstm,42,SonyAIBORobotSurface1,6,1,0.4525790349417637,0.344541130061492,0.6295757071547421,-0.17699667221297838
lstm,42,SonyAIBORobotSurface2,10,5,0.5729275970619098,0.3642428285523682,0.6382476390346274,-0.06532004197271768
lstm,42,StarLightCurves,10,10,0.5772219524040797,0.24398255068001026,0.7347771976687713,-0.15755524526469156
lstm,42,Trace,10,10,0.28,0.18666666666666668,0.355,-0.07499999999999996
lstm,42,Wafer,10,10,0.8921155094094744,0.4714910400411558,0.8539097988319273,0.03820571057754707
lstm,63,AllGestureWiimoteX,10,10,0.08714285714285715,0.023677359367735934,0.1396428571428571,-0.05249999999999995
lstm,63,AllGestureWiimoteY,10,10,0.09571428571428571,0.019197707736389687,0.165,-0.0692857142857143
lstm,63,AllGestureWiimoteZ,10,10,0.10428571428571429,0.029871584291473796,0.1523214285714285,-0.04803571428571421
lstm,63,Car,6,1,0.23333333333333334,0.0945945945945946,0.2416666666666666,-0.008333333333333276
lstm,63,ChlorineConcentration,10,10,0.5325520833333334,0.2320567375886525,0.3520833333333333,0.18046875000000007
lstm,63,CinCECGTorso,10,5,0.29782608695652174,0.20199772109835176,0.2831521739130435,0.01467391304347826
lstm,63,DodgerLoopDay,10,10,0.1125,0.05078167115902965,0.1671875,-0.054687499999999986
lstm,63,DodgerLoopGame,6,1,0.5217391304347826,0.34285714285714286,0.473731884057971,0.048007246376811585
lstm,63,DodgerLoopWeekend,10,10,0.2608695652173913,0.20689655172413793,0.6711956521739131,-0.4103260869565218
lstm,63,Earthquakes,6,1,0.7482014388489209,0.4279835390946502,0.6151079136690647,0.13309352517985618
lstm,63,FordA,10,10,0.5159090909090909,0.3403298350824588,0.715814393939394,-0.19990530303030307
lstm,63,FordB,10,10,0.5049382716049383,0.3355209187858901,0.6385802469135803,-0.13364197530864197
lstm,63,FreezerRegularTrain,10,10,0.5,0.3333333333333333,0.6873684210526315,-0.18736842105263152
lstm,63,FreezerSmallTrain,10,10,0.5,0.3333333333333333,0.6017543859649123,-0.10175438596491226
lstm,63,GesturePebbleZ1,7,2,0.1511627906976744,0.0739247311827957,0.2347383720930232,-0.08357558139534879
lstm,63,GesturePebbleZ2,10,10,0.15822784810126583,0.055310006138735414,0.2120253164556962,-0.05379746835443036
lstm,63,InsectWingbeatSound,10,10,0.09090909090909091,0.01515151515151515,0.1147727272727272,-0.023863636363636295
lstm,63,ItalyPowerDemand,10,10,0.500485908649174,0.3335492227979275,0.5949951409135082,-0.09450923226433428
lstm,63,Lightning2,10,10,0.39344262295081966,0.3828274541974296,0.5389344262295082,-0.1454918032786885
lstm,63,Lightning7,10,9,0.136986301369863,0.03571428571428571,0.1900684931506849,-0.05308219178082188
lstm,63,MoteStrain,10,10,0.41214057507987223,0.34752327461926485,0.5943490415335463,-0.18220846645367406
lstm,63,Phoneme,6,1,0.03217299578059072,0.0024913811678517563,0.0372494725738396,-0.00507647679324888
lstm,63,PickupGestureWiimoteZ,10,10,0.12,0.04435483870967742,0.095,0.024999999999999994
lstm,63,Plane,10,10,0.1619047619047619,0.039812646370023415,0.2964285714285714,-0.13452380952380946
lstm,63,ShakeGestureWiimoteZ,10,10,0.16,0.0825108225108225,0.12,0.04000000000000001
lstm,63,SonyAIBORobotSurface1,10,6,0.454242928452579,0.3475866451322513,0.6295757071547421,-0.17533277870216307
lstm,63,SonyAIBORobotSurface2,6,1,0.6169989506820567,0.381570408825438,0.6382476390346274,-0.021248688352570766
lstm,63,StarLightCurves,10,10,0.5889995143273433,0.27274015364920245,0.7347771976687713,-0.14577768334142793
lstm,63,Trace,10,10,0.24,0.1348314606741573,0.355,-0.11499999999999999
lstm,63,Wafer,10,10,0.8921155094094744,0.4714910400411558,0.8539097988319273,0.03820571057754707
lstm,84,AllGestureWiimoteX,10,10,0.09428571428571429,0.03494204758314062,0.1396428571428571,-0.045357142857142804
lstm,84,AllGestureWiimoteY,10,10,0.10142857142857142,0.021111989459815548,0.165,-0.06357142857142858
lstm,84,AllGestureWiimoteZ,10,10,0.11,0.036241804448635014,0.1523214285714285,-0.042321428571428496
lstm,84,Car,7,2,0.23333333333333334,0.0945945945945946,0.2416666666666666,-0.008333333333333276
lstm,84,ChlorineConcentration,10,10,0.5325520833333334,0.23217529518619437,0.3520833333333333,0.18046875000000007
lstm,84,CinCECGTorso,10,9,0.24782608695652175,0.09930313588850175,0.2831521739130435,-0.03532608695652173
lstm,84,DodgerLoopDay,10,10,0.25,0.13482820976491863,0.1671875,0.08281250000000001
lstm,84,DodgerLoopGame,10,6,0.5217391304347826,0.35605203619909503,0.473731884057971,0.048007246376811585
lstm,84,DodgerLoopWeekend,10,10,0.2608695652173913,0.20689655172413793,0.6711956521739131,-0.4103260869565218
lstm,84,Earthquakes,6,1,0.2517985611510791,0.20114942528735633,0.6151079136690647,-0.3633093525179856
lstm,84,FordA,10,10,0.48409090909090907,0.32618683001531396,0.715814393939394,-0.23172348484848487
lstm,84,FordB,10,10,0.5049382716049383,0.3355209187858901,0.6385802469135803,-0.13364197530864197
lstm,84,FreezerRegularTrain,10,10,0.5,0.3333333333333333,0.6873684210526315,-0.18736842105263152
lstm,84,FreezerSmallTrain,10,10,0.492280701754386,0.33049488294801416,0.6017543859649123,-0.10947368421052628
lstm,84,GesturePebbleZ1,10,10,0.16279069767441862,0.10724141267537494,0.2347383720930232,-0.07194767441860458
lstm,84,GesturePebbleZ2,10,10,0.18354430379746836,0.05311355311355311,0.2120253164556962,-0.028481012658227833
lstm,84,InsectWingbeatSound,10,10,0.0904040404040404,0.015095294316073538,0.1147727272727272,-0.024368686868686804
lstm,84,ItalyPowerDemand,6,1,0.4480077745383868,0.42831096678273795,0.5949951409135082,-0.14698736637512144
lstm,84,Lightning2,10,10,0.639344262295082,0.6221846846846847,0.5389344262295082,0.10040983606557385
lstm,84,Lightning7,10,10,0.1643835616438356,0.05194805194805195,0.1900684931506849,-0.02568493150684928
lstm,84,MoteStrain,6,1,0.5407348242811502,0.3541035820828567,0.5943490415335463,-0.053614217252396124
lstm,84,Phoneme,6,1,0.027953586497890294,0.0018665994374496401,0.0372494725738396,-0.009295886075949306
lstm,84,PickupGestureWiimoteZ,10,10,0.1,0.05611111111111111,0.095,0.0050000000000000044
lstm,84,Plane,10,10,0.2,0.049999999999999996,0.2964285714285714,-0.09642857142857136
lstm,84,ShakeGestureWiimoteZ,10,10,0.1,0.05951515151515151,0.12,-0.01999999999999999
lstm,84,SonyAIBORobotSurface1,6,1,0.47254575707154745,0.38387281423725084,0.6295757071547421,-0.15702995008319465
lstm,84,SonyAIBORobotSurface2,10,7,0.608604407135362,0.37834311806914545,0.6382476390346274,-0.029643231899265432
lstm,84,StarLightCurves,10,10,0.5772219524040797,0.24398255068001026,0.7347771976687713,-0.15755524526469156
lstm,84,Trace,10,10,0.24,0.0967741935483871,0.355,-0.11499999999999999
lstm,84,Wafer,10,10,0.8921155094094744,0.4714910400411558,0.8539097988319273,0.03820571057754707
lstm,105,AllGestureWiimoteX,10,10,0.11142857142857143,0.032383351007423115,0.1396428571428571,-0.028214285714285664
lstm,105,AllGestureWiimoteY,10,10,0.11571428571428571,0.04829067193782739,0.165,-0.049285714285714294
lstm,105,AllGestureWiimoteZ,10,10,0.1,0.018205461638491547,0.1523214285714285,-0.05232142857142849
lstm,105,Car,10,10,0.21666666666666667,0.08904109589041095,0.2416666666666666,-0.02499999999999994
lstm,105,ChlorineConcentration,10,10,0.22552083333333334,0.12268026632667517,0.3520833333333333,-0.12656249999999997
lstm,105,CinCECGTorso,10,10,0.2833333333333333,0.2388661657512816,0.2831521739130435,0.00018115942028984477
lstm,105,DodgerLoopDay,9,4,0.1375,0.03453689167974882,0.1671875,-0.029687499999999978
lstm,105,DodgerLoopGame,8,3,0.5217391304347826,0.34285714285714286,0.473731884057971,0.048007246376811585
lstm,105,DodgerLoopWeekend,10,10,0.7391304347826086,0.425,0.6711956521739131,0.06793478260869557
lstm,105,Earthquakes,10,9,0.7482014388489209,0.4279835390946502,0.6151079136690647,0.13309352517985618
lstm,105,FordA,10,10,0.5136363636363637,0.34348505131637663,0.715814393939394,-0.20217803030303028
lstm,105,FordB,10,10,0.5049382716049383,0.3355209187858901,0.6385802469135803,-0.13364197530864197
lstm,105,FreezerRegularTrain,10,10,0.5,0.3333333333333333,0.6873684210526315,-0.18736842105263152
lstm,105,FreezerSmallTrain,10,10,0.4992982456140351,0.33364289472231146,0.6017543859649123,-0.10245614035087719
lstm,105,GesturePebbleZ1,10,10,0.1744186046511628,0.06097820308346624,0.2347383720930232,-0.060319767441860406
lstm,105,GesturePebbleZ2,10,7,0.17721518987341772,0.05017921146953405,0.2120253164556962,-0.03481012658227847
lstm,105,InsectWingbeatSound,10,10,0.09090909090909091,0.015172588190668858,0.1147727272727272,-0.023863636363636295
lstm,105,ItalyPowerDemand,10,10,0.49854227405247814,0.3326848249027237,0.5949951409135082,-0.0964528668610301
lstm,105,Lightning2,10,10,0.6885245901639344,0.6799226732946699,0.5389344262295082,0.14959016393442626
lstm,105,Lightning7,10,10,0.1643835616438356,0.040336134453781515,0.1900684931506849,-0.02568493150684928
lstm,105,MoteStrain,6,1,0.5559105431309904,0.38926186273236774,0.5943490415335463,-0.038438498402555865
lstm,105,Phoneme,7,2,0.035864978902953586,0.004545603825993087,0.0372494725738396,-0.001384493670886014
lstm,105,PickupGestureWiimoteZ,10,10,0.06,0.015789473684210527,0.095,-0.035
lstm,105,Plane,10,10,0.13333333333333333,0.03361344537815126,0.2964285714285714,-0.16309523809523804
lstm,105,ShakeGestureWiimoteZ,10,10,0.04,0.02761904761904762,0.12,-0.07999999999999999
lstm,105,SonyAIBORobotSurface1,9,4,0.4176372712146423,0.29460093896713613,0.6295757071547421,-0.2119384359400998
lstm,105,SonyAIBORobotSurface2,6,1,0.7040923399790137,0.6463793974609991,0.6382476390346274,0.06584470094438621
lstm,105,StarLightCurves,10,10,0.5772219524040797,0.24398255068001026,0.7347771976687713,-0.15755524526469156
lstm,105,Trace,10,10,0.24,0.0967741935483871,0.355,-0.11499999999999999
lstm,105,Wafer,10,10,0.8921155094094744,0.4714910400411558,0.8539097988319273,0.03820571057754707
lstm,126,AllGestureWiimoteX,10,10,0.09285714285714286,0.017356475300400534,0.1396428571428571,-0.046785714285714236
lstm,126,AllGestureWiimoteY,10,10,0.09428571428571429,0.02849866745632218,0.165,-0.07071428571428572
lstm,126,AllGestureWiimoteZ,10,10,0.07571428571428572,0.017686531007751936,0.1523214285714285,-0.07660714285714278
lstm,126,Car,6,1,0.21666666666666667,0.08904109589041095,0.2416666666666666,-0.02499999999999994
lstm,126,ChlorineConcentration,10,10,0.5325520833333334,0.23221484131039571,0.3520833333333333,0.18046875000000007
lstm,126,CinCECGTorso,10,8,0.2492753623188406,0.1641828531576616,0.2831521739130435,-0.03387681159420289
lstm,126,DodgerLoopDay,10,6,0.1375,0.03453689167974882,0.1671875,-0.029687499999999978
lstm,126,DodgerLoopGame,9,4,0.463768115942029,0.31683168316831684,0.473731884057971,-0.009963768115942018
lstm,126,DodgerLoopWeekend,10,10,0.2608695652173913,0.20689655172413793,0.6711956521739131,-0.4103260869565218
lstm,126,Earthquakes,8,3,0.7410071942446043,0.4256198347107438,0.6151079136690647,0.12589928057553956
lstm,126,FordA,10,10,0.48409090909090907,0.32618683001531396,0.715814393939394,-0.23172348484848487
lstm,126,FordB,10,10,0.5049382716049383,0.3355209187858901,0.6385802469135803,-0.13364197530864197
lstm,126,FreezerRegularTrain,10,10,0.58,0.5338206048709936,0.6873684210526315,-0.10736842105263156
lstm,126,FreezerSmallTrain,10,10,0.2592982456140351,0.25127637134083547,0.6017543859649123,-0.3424561403508772
lstm,126,GesturePebbleZ1,6,1,0.10465116279069768,0.046137979699288935,0.2347383720930232,-0.13008720930232553
lstm,126,GesturePebbleZ2,10,10,0.10759493670886076,0.03953592146363231,0.2120253164556962,-0.10443037974683543
lstm,126,InsectWingbeatSound,10,10,0.09090909090909091,0.01515151515151515,0.1147727272727272,-0.023863636363636295
lstm,126,ItalyPowerDemand,10,10,0.5733722060252673,0.5319843970969897,0.5949951409135082,-0.021622934888240963
lstm,126,Lightning2,10,10,0.47540983606557374,0.34759358288770054,0.5389344262295082,-0.06352459016393441
lstm,126,Lightning7,10,10,0.1643835616438356,0.06207482993197279,0.1900684931506849,-0.02568493150684928
lstm,126,MoteStrain,10,10,0.2779552715654952,0.26271575085466525,0.5943490415335463,-0.3163937699680511
lstm,126,Phoneme,6,1,0.030063291139240507,0.0032999198600921985,0.0372494725738396,-0.007186181434599093
lstm,126,PickupGestureWiimoteZ,10,10,0.06,0.016216216216216217,0.095,-0.035
lstm,126,Plane,10,10,0.13333333333333333,0.03361344537815126,0.2964285714285714,-0.16309523809523804
lstm,126,ShakeGestureWiimoteZ,10,10,0.04,0.03412698412698413,0.12,-0.07999999999999999
lstm,126,SonyAIBORobotSurface1,7,2,0.47088186356073214,0.3810143801010494,0.6295757071547421,-0.15869384359400995
lstm,126,SonyAIBORobotSurface2,7,2,0.6768100734522561,0.5405417251051894,0.6382476390346274,0.03856243441762863
lstm,126,StarLightCurves,10,10,0.5772219524040797,0.24398255068001026,0.7347771976687713,-0.15755524526469156
lstm,126,Trace,10,6,0.19,0.07983193277310924,0.355,-0.16499999999999998
lstm,126,Wafer,10,10,0.8921155094094744,0.4714910400411558,0.8539097988319273,0.03820571057754707
lstm,147,AllGestureWiimoteX,10,10,0.11,0.04866442237042297,0.1396428571428571,-0.029642857142857096
lstm,147,AllGestureWiimoteY,10,10,0.13714285714285715,0.05026156446796866,0.165,-0.027857142857142858
lstm,147,AllGestureWiimoteZ,10,10,0.10428571428571429,0.02777777777777778,0.1523214285714285,-0.04803571428571421
lstm,147,Car,6,1,0.21666666666666667,0.08904109589041095,0.2416666666666666,-0.02499999999999994
lstm,147,ChlorineConcentration,10,10,0.5325520833333334,0.23233356055441945,0.3520833333333333,0.18046875000000007
lstm,147,CinCECGTorso,10,5,0.33115942028985507,0.28817691513194266,0.2831521739130435,0.048007246376811585
lstm,147,DodgerLoopDay,9,4,0.15,0.037267080745341616,0.1671875,-0.017187499999999994
lstm,147,DodgerLoopGame,6,1,0.6086956521739131,0.5439412484700122,0.473731884057971,0.13496376811594207
lstm,147,DodgerLoopWeekend,10,10,0.7391304347826086,0.425,0.6711956521739131,0.06793478260869557
lstm,147,Earthquakes,6,1,0.2517985611510791,0.20114942528735633,0.6151079136690647,-0.3633093525179856
lstm,147,FordA,10,10,0.4871212121212121,0.3326936360072433,0.715814393939394,-0.22869318181818182
lstm,147,FordB,10,10,0.5049382716049383,0.3355209187858901,0.6385802469135803,-0.13364197530864197
lstm,147,FreezerRegularTrain,10,10,0.5010526315789474,0.3362866641555166,0.6873684210526315,-0.1863157894736841
lstm,147,FreezerSmallTrain,10,10,0.5,0.3333333333333333,0.6017543859649123,-0.10175438596491226
lstm,147,GesturePebbleZ1,10,10,0.21511627906976744,0.1097673637356177,0.2347383720930232,-0.019622093023255766
lstm,147,GesturePebbleZ2,10,10,0.22784810126582278,0.11339563862928348,0.2120253164556962,0.015822784810126583
lstm,147,InsectWingbeatSound,10,10,0.09090909090909091,0.015158532990862773,0.1147727272727272,-0.023863636363636295
lstm,147,ItalyPowerDemand,10,10,0.5413022351797862,0.4769224141644768,0.5949951409135082,-0.053692905733722096
lstm,147,Lightning2,10,10,0.5245901639344263,0.43751987281399046,0.5389344262295082,-0.0143442622950819
lstm,147,Lightning7,10,10,0.136986301369863,0.03442340791738382,0.1900684931506849,-0.05308219178082188
lstm,147,MoteStrain,10,10,0.7707667731629393,0.7591466868291596,0.5943490415335463,0.176417731629393
lstm,147,Phoneme,10,6,0.011603375527426161,0.0011230045408006516,0.0372494725738396,-0.02564609704641344
lstm,147,PickupGestureWiimoteZ,10,10,0.12,0.059893048128342244,0.095,0.024999999999999994
lstm,147,Plane,10,10,0.2,0.047619047619047616,0.2964285714285714,-0.09642857142857136
lstm,147,ShakeGestureWiimoteZ,10,10,0.06,0.021666666666666667,0.12,-0.06
lstm,147,SonyAIBORobotSurface1,10,6,0.4292845257903494,0.30034924330616997,0.6295757071547421,-0.20029118136439267
lstm,147,SonyAIBORobotSurface2,6,1,0.4994753410283316,0.3404078730674638,0.6382476390346274,-0.13877229800629587
lstm,147,StarLightCurves,10,10,0.6284604176784847,0.35534070770398346,0.7347771976687713,-0.10631677999028655
lstm,147,Trace,10,10,0.52,0.34251082251082254,0.355,0.16500000000000004
lstm,147,Wafer,10,10,0.8921155094094744,0.4714910400411558,0.8539097988319273,0.03820571057754707
