model,seed,dataset,epochs_trained,best_epoch,test_acc,test_f1_macro,elapsed_seconds
cnn,7,AllGestureWiimoteX,12,2,0.2171428571428571,0.1554676681253711,185.9830477237701
cnn,7,AllGestureWiimoteY,12,2,0.2085714285714285,0.1083880036182419,185.9830477237701
cnn,7,AllGestureWiimoteZ,12,2,0.1142857142857142,0.0413508470112243,185.9830477237701
cnn,7,Car,12,2,0.3166666666666666,0.120253164556962,185.9830477237701
cnn,7,ChlorineConcentration,12,2,0.2307291666666666,0.1249823670475384,185.9830477237701
cnn,7,CinCECGTorso,12,2,0.2971014492753623,0.201989229237202,185.9830477237701
cnn,7,DodgerLoopDay,12,2,0.0875,0.0303030303030303,185.9830477237701
cnn,7,DodgerLoopGame,12,2,0.5217391304347826,0.3428571428571428,185.9830477237701
cnn,7,DodgerLoopWeekend,12,2,0.2608695652173913,0.2068965517241379,185.9830477237701
cnn,7,Earthquakes,12,2,0.302158273381295,0.2726439013864163,185.9830477237701
cnn,7,FordA,12,2,0.8772727272727273,0.8763827740574939,185.9830477237701
cnn,7,FordB,12,2,0.7037037037037037,0.6801053151225933,185.9830477237701
cnn,7,FreezerRegularTrain,12,2,0.5,0.3333333333333333,185.9830477237701
cnn,7,FreezerSmallTrain,12,2,0.4996491228070175,0.3337995310483744,185.9830477237701
cnn,7,GesturePebbleZ1,12,2,0.1569767441860465,0.0452261306532663,185.9830477237701
cnn,7,GesturePebbleZ2,12,2,0.2784810126582278,0.1506944444444444,185.9830477237701
cnn,7,InsectWingbeatSound,12,2,0.0909090909090909,0.0151725881906688,185.9830477237701
cnn,7,ItalyPowerDemand,12,2,0.9212827988338192,0.9209576238637818,185.9830477237701
cnn,7,Lightning2,12,2,0.4590163934426229,0.3146067415730337,185.9830477237701
cnn,7,Lightning7,12,2,0.2191780821917808,0.1020821283979178,185.9830477237701
cnn,7,MoteStrain,12,2,0.5623003194888179,0.4100676865507374,185.9830477237701
cnn,7,Phoneme,12,2,0.030590717299578,0.0101221277853096,185.9830477237701
cnn,7,PickupGestureWiimoteZ,12,2,0.1,0.0181818181818181,185.9830477237701
cnn,7,Plane,12,2,0.4,0.3317972350230414,185.9830477237701
cnn,7,ShakeGestureWiimoteZ,12,2,0.1,0.0181818181818181,185.9830477237701
cnn,7,SonyAIBORobotSurface1,12,2,0.8851913477537438,0.8773458504512018,185.9830477237701
cnn,7,SonyAIBORobotSurface2,12,2,0.3830010493179433,0.2769347496206373,185.9830477237701
cnn,7,StarLightCurves,12,2,0.2782904322486644,0.1451367781155015,185.9830477237701
cnn,7,Trace,12,2,0.29,0.1124031007751938,185.9830477237701
cnn,7,Wafer,12,2,0.9313757300454252,0.7482951529258034,185.9830477237701
cnn,21,AllGestureWiimoteX,10,2,0.25,0.1928914858364889,143.2255175113678
cnn,21,AllGestureWiimoteY,10,2,0.2114285714285714,0.1549252853625496,143.2255175113678
cnn,21,AllGestureWiimoteZ,10,2,0.3342857142857143,0.2415834631343069,143.2255175113678
cnn,21,Car,10,2,0.2333333333333333,0.0945945945945946,143.2255175113678
cnn,21,ChlorineConcentration,10,2,0.2307291666666666,0.1249823670475384,143.2255175113678
cnn,21,CinCECGTorso,10,2,0.2485507246376811,0.0995356935577481,143.2255175113678
cnn,21,DodgerLoopDay,10,2,0.2375,0.1620861678004535,143.2255175113678
cnn,21,DodgerLoopGame,10,2,0.5217391304347826,0.3428571428571428,143.2255175113678
cnn,21,DodgerLoopWeekend,10,2,0.2608695652173913,0.2068965517241379,143.2255175113678
cnn,21,Earthquakes,10,2,0.7482014388489209,0.4279835390946502,143.2255175113678
cnn,21,FordA,10,2,0.9363636363636364,0.936222934435244,143.2255175113678
cnn,21,FordB,10,2,0.8160493827160494,0.8152584376640731,143.2255175113678
cnn,21,FreezerRegularTrain,10,2,0.5052631578947369,0.3604947607835049,143.2255175113678
cnn,21,FreezerSmallTrain,10,2,0.5,0.3333333333333333,143.2255175113678
cnn,21,GesturePebbleZ1,10,2,0.25,0.1233746130030959,143.2255175113678
cnn,21,GesturePebbleZ2,10,2,0.2341772151898734,0.1576927114113453,143.2255175113678
cnn,21,InsectWingbeatSound,10,2,0.1494949494949495,0.1013572101101618,143.2255175113678
cnn,21,ItalyPowerDemand,10,2,0.5179786200194364,0.3743699374350324,143.2255175113678
cnn,21,Lightning2,10,2,0.6721311475409836,0.6677559912854031,143.2255175113678
cnn,21,Lightning7,10,2,0.1643835616438356,0.096031746031746,143.2255175113678
cnn,21,MoteStrain,10,2,0.4608626198083067,0.3180140012508322,143.2255175113678
cnn,21,Phoneme,10,2,0.1118143459915611,0.0346805151490789,143.2255175113678
cnn,21,PickupGestureWiimoteZ,10,2,0.1,0.0185185185185185,143.2255175113678
cnn,21,Plane,10,2,0.1619047619047619,0.0404761904761904,143.2255175113678
cnn,21,ShakeGestureWiimoteZ,10,2,0.24,0.199047619047619,143.2255175113678
cnn,21,SonyAIBORobotSurface1,10,2,0.7121464226289518,0.6483418734040215,143.2255175113678
cnn,21,SonyAIBORobotSurface2,10,2,0.8436516264428122,0.8423679498408659,143.2255175113678
cnn,21,StarLightCurves,10,2,0.2798688683827101,0.1457799702747999,143.2255175113678
cnn,21,Trace,10,2,0.24,0.0967741935483871,143.2255175113678
cnn,21,Wafer,10,2,0.886275146009085,0.4876687929596734,143.2255175113678
cnn,42,AllGestureWiimoteX,10,2,0.2414285714285714,0.1791887865837904,149.3810167312622
cnn,42,AllGestureWiimoteY,10,2,0.3042857142857142,0.2528855436735666,149.3810167312622
cnn,42,AllGestureWiimoteZ,10,2,0.3728571428571428,0.2928587399760138,149.3810167312622
cnn,42,Car,10,2,0.2333333333333333,0.0945945945945946,149.3810167312622
cnn,42,ChlorineConcentration,10,2,0.2307291666666666,0.1249823670475384,149.3810167312622
cnn,42,CinCECGTorso,10,2,0.2304347826086956,0.1852770189350553,149.3810167312622
cnn,42,DodgerLoopDay,10,2,0.25,0.173296110897189,149.3810167312622
cnn,42,DodgerLoopGame,10,2,0.5507246376811594,0.4066574202496533,149.3810167312622
cnn,42,DodgerLoopWeekend,10,2,0.2608695652173913,0.2068965517241379,149.3810167312622
cnn,42,Earthquakes,10,2,0.7482014388489209,0.4279835390946502,149.3810167312622
cnn,42,FordA,10,2,0.9409090909090908,0.9408955223880596,149.3810167312622
cnn,42,FordB,10,2,0.782716049382716,0.7797498393236764,149.3810167312622
cnn,42,FreezerRegularTrain,10,2,0.5,0.3400731318402669,149.3810167312622
cnn,42,FreezerSmallTrain,10,2,0.4996491228070175,0.3331773514272344,149.3810167312622
cnn,42,GesturePebbleZ1,10,2,0.2034883720930232,0.1310527840900425,149.3810167312622
cnn,42,GesturePebbleZ2,10,2,0.2088607594936709,0.0861689520907397,149.3810167312622
cnn,42,InsectWingbeatSound,10,2,0.1671717171717171,0.1275654671022249,149.3810167312622
cnn,42,ItalyPowerDemand,10,2,0.932944606413994,0.932887561782746,149.3810167312622
cnn,42,Lightning2,10,2,0.5573770491803278,0.5040650406504065,149.3810167312622
cnn,42,Lightning7,10,2,0.410958904109589,0.387630366238176,149.3810167312622
cnn,42,MoteStrain,10,2,0.4904153354632588,0.4034622335738077,149.3810167312622
cnn,42,Phoneme,10,2,0.1197257383966244,0.0386608092388977,149.3810167312622
cnn,42,PickupGestureWiimoteZ,10,2,0.22,0.1769119769119769,149.3810167312622
cnn,42,Plane,10,2,0.1428571428571428,0.0357142857142857,149.3810167312622
cnn,42,ShakeGestureWiimoteZ,10,2,0.3,0.2230804283435862,149.3810167312622
cnn,42,SonyAIBORobotSurface1,10,2,0.5806988352745425,0.3917004048582996,149.3810167312622
cnn,42,SonyAIBORobotSurface2,10,2,0.3830010493179433,0.2769347496206373,149.3810167312622
cnn,42,StarLightCurves,10,2,0.6690140845070423,0.4237115262864541,149.3810167312622
cnn,42,Trace,10,2,0.19,0.0798319327731092,149.3810167312622
cnn,42,Wafer,10,2,0.7918559377027904,0.6469505423924105,149.3810167312622
cnn,63,AllGestureWiimoteX,10,8,0.1428571428571428,0.0970594216924263,148.7773792743683
cnn,63,AllGestureWiimoteY,10,8,0.15,0.0992424242424242,148.7773792743683
cnn,63,AllGestureWiimoteZ,10,8,0.2128571428571428,0.139871217905456,148.7773792743683
cnn,63,Car,10,8,0.3166666666666666,0.120253164556962,148.7773792743683
cnn,63,ChlorineConcentration,10,8,0.2322916666666666,0.1369670849349808,148.7773792743683
cnn,63,CinCECGTorso,10,8,0.3297101449275362,0.2294927950762093,148.7773792743683
cnn,63,DodgerLoopDay,10,8,0.15,0.0372670807453416,148.7773792743683
cnn,63,DodgerLoopGame,10,8,0.5217391304347826,0.3428571428571428,148.7773792743683
cnn,63,DodgerLoopWeekend,10,8,0.2608695652173913,0.2068965517241379,148.7773792743683
cnn,63,Earthquakes,10,8,0.4964028776978417,0.4957504145936982,148.7773792743683
cnn,63,FordA,10,8,0.9477272727272728,0.9476002128669436,148.7773792743683
cnn,63,FordB,10,8,0.8320987654320988,0.8312334542602215,148.7773792743683
cnn,63,FreezerRegularTrain,10,8,0.5,0.3333333333333333,148.7773792743683
cnn,63,FreezerSmallTrain,10,8,0.7042105263157895,0.692983493014801,148.7773792743683
cnn,63,GesturePebbleZ1,10,8,0.2209302325581395,0.1468546132339236,148.7773792743683
cnn,63,GesturePebbleZ2,10,8,0.1518987341772152,0.067251461988304,148.7773792743683
cnn,63,InsectWingbeatSound,10,8,0.0909090909090909,0.0151585329908627,148.7773792743683
cnn,63,ItalyPowerDemand,10,8,0.6151603498542274,0.5494387389539049,148.7773792743683
cnn,63,Lightning2,10,8,0.4754098360655737,0.3475935828877005,148.7773792743683
cnn,63,Lightning7,10,8,0.3150684931506849,0.2733932733932734,148.7773792743683
cnn,63,MoteStrain,10,8,0.4624600638977635,0.3200347005063853,148.7773792743683
cnn,63,Phoneme,10,8,0.0638185654008438,0.0217317671970117,148.7773792743683
cnn,63,PickupGestureWiimoteZ,10,8,0.16,0.080672268907563,148.7773792743683
cnn,63,Plane,10,8,0.2666666666666666,0.1160871756109851,148.7773792743683
cnn,63,ShakeGestureWiimoteZ,10,8,0.2,0.1312765957446808,148.7773792743683
cnn,63,SonyAIBORobotSurface1,10,8,0.9550748752079868,0.9544570461491828,148.7773792743683
cnn,63,SonyAIBORobotSurface2,10,8,0.7995802728226653,0.7855204536965357,148.7773792743683
cnn,63,StarLightCurves,10,8,0.2333657115104419,0.2534217522731106,148.7773792743683
cnn,63,Trace,10,8,0.32,0.2652983171851096,148.7773792743683
cnn,63,Wafer,10,8,0.3186242699545749,0.3100285403972629,148.7773792743683
cnn,84,AllGestureWiimoteX,10,1,0.2585714285714285,0.1836679397041586,149.11848282814026
cnn,84,AllGestureWiimoteY,10,1,0.1671428571428571,0.0836458604579603,149.11848282814026
cnn,84,AllGestureWiimoteZ,10,1,0.2042857142857143,0.1423021832886595,149.11848282814026
cnn,84,Car,10,1,0.2333333333333333,0.0945945945945946,149.11848282814026
cnn,84,ChlorineConcentration,10,1,0.23125,0.1261589358367284,149.11848282814026
cnn,84,CinCECGTorso,10,1,0.2492753623188406,0.1061060472410075,149.11848282814026
cnn,84,DodgerLoopDay,10,1,0.1875,0.0907563025210084,149.11848282814026
cnn,84,DodgerLoopGame,10,1,0.5217391304347826,0.3428571428571428,149.11848282814026
cnn,84,DodgerLoopWeekend,10,1,0.2608695652173913,0.2068965517241379,149.11848282814026
cnn,84,Earthquakes,10,1,0.7482014388489209,0.4279835390946502,149.11848282814026
cnn,84,FordA,10,1,0.9484848484848484,0.94843264186194,149.11848282814026
cnn,84,FordB,10,1,0.8320987654320988,0.831974814525576,149.11848282814026
cnn,84,FreezerRegularTrain,10,1,0.5,0.3333333333333333,149.11848282814026
cnn,84,FreezerSmallTrain,10,1,0.5,0.3333333333333333,149.11848282814026
cnn,84,GesturePebbleZ1,10,1,0.1627906976744186,0.055884009009009,149.11848282814026
cnn,84,GesturePebbleZ2,10,1,0.1835443037974683,0.0820689655172413,149.11848282814026
cnn,84,InsectWingbeatSound,10,1,0.1136363636363636,0.0347459781532126,149.11848282814026
cnn,84,ItalyPowerDemand,10,1,0.8367346938775511,0.8338753200027675,149.11848282814026
cnn,84,Lightning2,10,1,0.5573770491803278,0.4392236976506639,149.11848282814026
cnn,84,Lightning7,10,1,0.1643835616438356,0.12082180114967,149.11848282814026
cnn,84,MoteStrain,10,1,0.476038338658147,0.3573760230349123,149.11848282814026
cnn,84,Phoneme,10,1,0.0363924050632911,0.0127875158563969,149.11848282814026
cnn,84,PickupGestureWiimoteZ,10,1,0.12,0.0385899814471243,149.11848282814026
cnn,84,Plane,10,1,0.1428571428571428,0.0357142857142857,149.11848282814026
cnn,84,ShakeGestureWiimoteZ,10,1,0.2,0.1415869218500797,149.11848282814026
cnn,84,SonyAIBORobotSurface1,10,1,0.978369384359401,0.9778954724337048,149.11848282814026
cnn,84,SonyAIBORobotSurface2,10,1,0.3830010493179433,0.2769347496206373,149.11848282814026
cnn,84,StarLightCurves,10,1,0.3607333657115104,0.4035867165979606,149.11848282814026
cnn,84,Trace,10,1,0.39,0.2711138310893513,149.11848282814026
cnn,84,Wafer,10,1,0.86340038935756,0.5755959545740005,149.11848282814026
cnn,105,AllGestureWiimoteX,10,4,0.15,0.0852334883965286,148.7574601173401
cnn,105,AllGestureWiimoteY,10,4,0.1757142857142857,0.0910159647076276,148.7574601173401
cnn,105,AllGestureWiimoteZ,10,4,0.1814285714285714,0.1091707805389091,148.7574601173401
cnn,105,Car,10,4,0.1,0.0454545454545454,148.7574601173401
cnn,105,ChlorineConcentration,10,4,0.2307291666666666,0.1249823670475384,148.7574601173401
cnn,105,CinCECGTorso,10,4,0.331159420289855,0.2467032621566418,148.7574601173401
cnn,105,DodgerLoopDay,10,4,0.1375,0.0345368916797488,148.7574601173401
cnn,105,DodgerLoopGame,10,4,0.5217391304347826,0.3428571428571428,148.7574601173401
cnn,105,DodgerLoopWeekend,10,4,0.2608695652173913,0.2068965517241379,148.7574601173401
cnn,105,Earthquakes,10,4,0.7482014388489209,0.4279835390946502,148.7574601173401
cnn,105,FordA,10,4,0.9477272727272728,0.9476717430285008,148.7574601173401
cnn,105,FordB,10,4,0.8419753086419753,0.8419598924449267,148.7574601173401
cnn,105,FreezerRegularTrain,10,4,0.503859649122807,0.3418534129095308,148.7574601173401
cnn,105,FreezerSmallTrain,10,4,0.7185964912280701,0.7119159924498472,148.7574601173401
cnn,105,GesturePebbleZ1,10,4,0.1511627906976744,0.0596391263057929,148.7574601173401
cnn,105,GesturePebbleZ2,10,4,0.1518987341772152,0.0439560439560439,148.7574601173401
cnn,105,InsectWingbeatSound,10,4,0.1363636363636363,0.062921722611074,148.7574601173401
cnn,105,ItalyPowerDemand,10,4,0.5053449951409135,0.3475862756211035,148.7574601173401
cnn,105,Lightning2,10,4,0.5901639344262295,0.5408009635651911,148.7574601173401
cnn,105,Lightning7,10,4,0.1917808219178082,0.1328823953823953,148.7574601173401
cnn,105,MoteStrain,10,4,0.468849840255591,0.3318057968804548,148.7574601173401
cnn,105,Phoneme,10,4,0.0379746835443038,0.017744384322883,148.7574601173401
cnn,105,PickupGestureWiimoteZ,10,4,0.06,0.0133333333333333,148.7574601173401
cnn,105,Plane,10,4,0.4,0.3317972350230414,148.7574601173401
cnn,105,ShakeGestureWiimoteZ,10,4,0.14,0.0788819875776397,148.7574601173401
cnn,105,SonyAIBORobotSurface1,10,4,0.6672212978369384,0.6545738786582982,148.7574601173401
cnn,105,SonyAIBORobotSurface2,10,4,0.3830010493179433,0.2769347496206373,148.7574601173401
cnn,105,StarLightCurves,10,4,0.2962603205439533,0.3322646656946087,148.7574601173401
cnn,105,Trace,10,4,0.24,0.0967741935483871,148.7574601173401
cnn,105,Wafer,10,4,0.8921155094094744,0.4714910400411558,148.7574601173401
cnn,126,AllGestureWiimoteX,10,1,0.1371428571428571,0.0838076563237706,148.45280647277832
cnn,126,AllGestureWiimoteY,10,1,0.1885714285714285,0.1637961282631689,148.45280647277832
cnn,126,AllGestureWiimoteZ,10,1,0.1542857142857142,0.0821656854289449,148.45280647277832
cnn,126,Car,10,1,0.25,0.1316046966731898,148.45280647277832
cnn,126,ChlorineConcentration,10,1,0.2463541666666666,0.2160179709347637,148.45280647277832
cnn,126,CinCECGTorso,10,1,0.25,0.1,148.45280647277832
cnn,126,DodgerLoopDay,10,1,0.15,0.0372670807453416,148.45280647277832
cnn,126,DodgerLoopGame,10,1,0.5217391304347826,0.3428571428571428,148.45280647277832
cnn,126,DodgerLoopWeekend,10,1,0.2608695652173913,0.2068965517241379,148.45280647277832
cnn,126,Earthquakes,10,1,0.6834532374100719,0.5433094384707288,148.45280647277832
cnn,126,FordA,10,1,0.925,0.9249810127563278,148.45280647277832
cnn,126,FordB,10,1,0.671604938271605,0.64,148.45280647277832
cnn,126,FreezerRegularTrain,10,1,0.6933333333333334,0.6843805831147604,148.45280647277832
cnn,126,FreezerSmallTrain,10,1,0.5,0.3333333333333333,148.45280647277832
cnn,126,GesturePebbleZ1,10,1,0.2325581395348837,0.1433747573103315,148.45280647277832
cnn,126,GesturePebbleZ2,10,1,0.2721518987341772,0.2049885120852862,148.45280647277832
cnn,126,InsectWingbeatSound,10,1,0.1984848484848485,0.1316673220169429,148.45280647277832
cnn,126,ItalyPowerDemand,10,1,0.9203109815354712,0.920011148272018,148.45280647277832
cnn,126,Lightning2,10,1,0.4590163934426229,0.3146067415730337,148.45280647277832
cnn,126,Lightning7,10,1,0.2328767123287671,0.1324116743471582,148.45280647277832
cnn,126,MoteStrain,10,1,0.4720447284345048,0.3980344534373788,148.45280647277832
cnn,126,Phoneme,10,1,0.0669831223628692,0.0258908603561485,148.45280647277832
cnn,126,PickupGestureWiimoteZ,10,1,0.12,0.0423645320197044,148.45280647277832
cnn,126,Plane,10,1,0.1619047619047619,0.0398126463700234,148.45280647277832
cnn,126,ShakeGestureWiimoteZ,10,1,0.2,0.1579738562091503,148.45280647277832
cnn,126,SonyAIBORobotSurface1,10,1,0.913477537437604,0.9098222530009236,148.45280647277832
cnn,126,SonyAIBORobotSurface2,10,1,0.751311647429171,0.7512579665709632,148.45280647277832
cnn,126,StarLightCurves,10,1,0.2710053423992229,0.1421610776726855,148.45280647277832
cnn,126,Trace,10,1,0.48,0.316958041958042,148.45280647277832
cnn,126,Wafer,10,1,0.8921155094094744,0.4714910400411558,148.45280647277832
cnn,147,AllGestureWiimoteX,10,1,0.1314285714285714,0.0555538329026701,148.09898805618286
cnn,147,AllGestureWiimoteY,10,1,0.1428571428571428,0.0567492798242703,148.09898805618286
cnn,147,AllGestureWiimoteZ,10,1,0.1557142857142857,0.0943521389436621,148.09898805618286
cnn,147,Car,10,1,0.3166666666666666,0.120253164556962,148.09898805618286
cnn,147,ChlorineConcentration,10,1,0.3861979166666666,0.2812097674031236,148.09898805618286
cnn,147,CinCECGTorso,10,1,0.2485507246376811,0.0995356935577481,148.09898805618286
cnn,147,DodgerLoopDay,10,1,0.1375,0.0345368916797488,148.09898805618286
cnn,147,DodgerLoopGame,10,1,0.5217391304347826,0.3428571428571428,148.09898805618286
cnn,147,DodgerLoopWeekend,10,1,0.2608695652173913,0.2068965517241379,148.09898805618286
cnn,147,Earthquakes,10,1,0.7482014388489209,0.4279835390946502,148.09898805618286
cnn,147,FordA,10,1,0.9386363636363636,0.9386143445623,148.09898805618286
cnn,147,FordB,10,1,0.7728395061728395,0.7694649309508489,148.09898805618286
cnn,147,FreezerRegularTrain,10,1,0.5,0.3339560949761799,148.09898805618286
cnn,147,FreezerSmallTrain,10,1,0.5,0.3333333333333333,148.09898805618286
cnn,147,GesturePebbleZ1,10,1,0.191860465116279,0.1281352997039271,148.09898805618286
cnn,147,GesturePebbleZ2,10,1,0.1518987341772152,0.0439560439560439,148.09898805618286
cnn,147,InsectWingbeatSound,10,1,0.156060606060606,0.0550478050207715,148.09898805618286
cnn,147,ItalyPowerDemand,10,1,0.9446064139941692,0.9445592901683552,148.09898805618286
cnn,147,Lightning2,10,1,0.5409836065573771,0.351063829787234,148.09898805618286
cnn,147,Lightning7,10,1,0.2876712328767123,0.2066798941798941,148.09898805618286
cnn,147,MoteStrain,10,1,0.4648562300319488,0.3261679840627209,148.09898805618286
cnn,147,Phoneme,10,1,0.0717299578059071,0.0214565745816493,148.09898805618286
cnn,147,PickupGestureWiimoteZ,10,1,0.18,0.0688346883468834,148.09898805618286
cnn,147,Plane,10,1,0.1428571428571428,0.0386100386100386,148.09898805618286
cnn,147,ShakeGestureWiimoteZ,10,1,0.1,0.0568627450980392,148.09898805618286
cnn,147,SonyAIBORobotSurface1,10,1,0.8818635607321131,0.8815276933285578,148.09898805618286
cnn,147,SonyAIBORobotSurface2,10,1,0.4113326337880377,0.3266290075759007,148.09898805618286
cnn,147,StarLightCurves,10,1,0.8460417678484702,0.6206286714253032,148.09898805618286
cnn,147,Trace,10,1,0.19,0.0798319327731092,148.09898805618286
cnn,147,Wafer,10,1,0.8940622972096042,0.4897019128577853,148.09898805618286
lstm,7,AllGestureWiimoteX,15,15,0.1357142857142857,0.059275030860045264,178.07851219177246
lstm,7,AllGestureWiimoteY,15,15,0.21428571428571427,0.11027336301450644,178.07851219177246
lstm,7,AllGestureWiimoteZ,15,15,0.14857142857142858,0.11546054896430447,178.07851219177246
lstm,7,Car,15,15,0.23333333333333334,0.0945945945945946,178.07851219177246
lstm,7,ChlorineConcentration,15,15,0.2598958333333333,0.2455057524418346,178.07851219177246
lstm,7,CinCECGTorso,15,15,0.2782608695652174,0.21070519421715117,178.07851219177246
lstm,7,DodgerLoopDay,15,15,0.1125,0.09278065293102887,178.07851219177246
lstm,7,DodgerLoopGame,15,15,0.3333333333333333,0.3087979094076655,178.07851219177246
lstm,7,DodgerLoopWeekend,15,15,0.2318840579710145,0.2036149825783972,178.07851219177246
lstm,7,Earthquakes,15,15,0.7482014388489209,0.4544129191432096,178.07851219177246
lstm,7,FordA,15,15,0.7977272727272727,0.7970001595475991,178.07851219177246
lstm,7,FordB,15,15,0.6617283950617284,0.6594675209898365,178.07851219177246
lstm,7,FreezerRegularTrain,15,15,0.7628070175438596,0.7628012938200787,178.07851219177246
lstm,7,FreezerSmallTrain,15,15,0.44666666666666666,0.31771801804632765,178.07851219177246
lstm,7,GesturePebbleZ1,15,15,0.29069767441860467,0.1871946289852016,178.07851219177246
lstm,7,GesturePebbleZ2,15,15,0.31645569620253167,0.2177716928319338,178.07851219177246
lstm,7,InsectWingbeatSound,15,15,0.1111111111111111,0.05482666949418633,178.07851219177246
lstm,7,ItalyPowerDemand,15,15,0.565597667638484,0.5324462651141278,178.07851219177246
lstm,7,Lightning2,15,15,0.47540983606557374,0.4504504504504504,178.07851219177246
lstm,7,Lightning7,15,15,0.3287671232876712,0.13033049040511727,178.07851219177246
lstm,7,MoteStrain,15,15,0.45686900958466453,0.44807914219404354,178.07851219177246
lstm,7,Phoneme,15,15,0.012658227848101266,0.0052166753664397774,178.07851219177246
lstm,7,PickupGestureWiimoteZ,15,15,0.08,0.06666666666666667,178.07851219177246
lstm,7,Plane,15,15,0.5428571428571428,0.4634590224652336,178.07851219177246
lstm,7,ShakeGestureWiimoteZ,15,15,0.08,0.027840909090909093,178.07851219177246
lstm,7,SonyAIBORobotSurface1,15,15,0.6722129783693843,0.6472090369218209,178.07851219177246
lstm,7,SonyAIBORobotSurface2,15,15,0.757607555089192,0.7538335094516848,178.07851219177246
lstm,7,StarLightCurves,15,15,0.8326857697911607,0.6664035658512046,178.07851219177246
lstm,7,Trace,15,15,0.3,0.1379827521559805,178.07851219177246
lstm,7,Wafer,15,15,0.8434458144062297,0.6744677701332856,178.07851219177246
lstm,21,AllGestureWiimoteX,15,15,0.22142857142857142,0.1915124627114558,178.34199452400208
lstm,21,AllGestureWiimoteY,15,15,0.23714285714285716,0.18092898919456346,178.34199452400208
lstm,21,AllGestureWiimoteZ,15,15,0.25,0.18164216227582147,178.34199452400208
lstm,21,Car,15,15,0.26666666666666666,0.15618591934381407,178.34199452400208
lstm,21,ChlorineConcentration,15,15,0.3098958333333333,0.31039270951868264,178.34199452400208
lstm,21,CinCECGTorso,15,15,0.2072463768115942,0.14580606702217344,178.34199452400208
lstm,21,DodgerLoopDay,15,15,0.275,0.2173826173826174,178.34199452400208
lstm,21,DodgerLoopGame,15,15,0.4927536231884058,0.46392896781354054,178.34199452400208
lstm,21,DodgerLoopWeekend,15,15,0.5869565217391305,0.5619047619047619,178.34199452400208
lstm,21,Earthquakes,15,15,0.5971223021582733,0.5587301587301587,178.34199452400208
lstm,21,FordA,15,15,0.9409090909090909,0.9408955223880597,178.34199452400208
lstm,21,FordB,15,15,0.8,0.7997607261229697,178.34199452400208
lstm,21,FreezerRegularTrain,15,15,0.7673684210526316,0.7673154529113491,178.34199452400208
lstm,21,FreezerSmallTrain,15,15,0.7557894736842106,0.7549581565975009,178.34199452400208
lstm,21,GesturePebbleZ1,15,15,0.32558139534883723,0.26691699707314537,178.34199452400208
lstm,21,GesturePebbleZ2,15,15,0.27848101265822783,0.20754860358733598,178.34199452400208
lstm,21,InsectWingbeatSound,15,15,0.1505050505050505,0.10494785503443418,178.34199452400208
lstm,21,ItalyPowerDemand,15,15,0.93488824101069,0.9348466448994249,178.34199452400208
lstm,21,Lightning2,15,15,0.5901639344262295,0.480762683009874,178.34199452400208
lstm,21,Lightning7,15,15,0.3150684931506849,0.24026954177897575,178.34199452400208
lstm,21,MoteStrain,15,15,0.8793929712460063,0.8778436350454859,178.34199452400208
lstm,21,Phoneme,15,15,0.03322784810126582,0.015513282454536328,178.34199452400208
lstm,21,PickupGestureWiimoteZ,15,15,0.08,0.039271255060728746,178.34199452400208
lstm,21,Plane,15,15,0.6,0.5237740173948028,178.34199452400208
lstm,21,ShakeGestureWiimoteZ,15,15,0.16,0.08668730650154798,178.34199452400208
lstm,21,SonyAIBORobotSurface1,15,15,0.7687188019966722,0.7685932327807095,178.34199452400208
lstm,21,SonyAIBORobotSurface2,15,15,0.49422875131164745,0.47699366944482396,178.34199452400208
lstm,21,StarLightCurves,15,15,0.7504856726566295,0.7408039292381495,178.34199452400208
lstm,21,Trace,15,15,0.57,0.46177166518781426,178.34199452400208
lstm,21,Wafer,15,15,0.9725827384815056,0.9306541911365342,178.34199452400208
lstm,42,AllGestureWiimoteX,15,15,0.15,0.05523216967256417,178.5305700302124
lstm,42,AllGestureWiimoteY,15,15,0.21428571428571427,0.14309964535513003,178.5305700302124
lstm,42,AllGestureWiimoteZ,15,15,0.1657142857142857,0.0797860962566845,178.5305700302124
lstm,42,Car,15,15,0.23333333333333334,0.0945945945945946,178.5305700302124
lstm,42,ChlorineConcentration,15,15,0.22526041666666666,0.12256464753808005,178.5305700302124
lstm,42,CinCECGTorso,15,15,0.3072463768115942,0.2645242534072882,178.5305700302124
lstm,42,DodgerLoopDay,15,15,0.1375,0.03571428571428571,178.5305700302124
lstm,42,DodgerLoopGame,15,15,0.4782608695652174,0.3235294117647059,178.5305700302124
lstm,42,DodgerLoopWeekend,15,15,0.8623188405797102,0.7899543378995433,178.5305700302124
lstm,42,Earthquakes,15,15,0.7553956834532374,0.6622355631789594,178.5305700302124
lstm,42,FordA,15,15,0.503030303030303,0.48392141530642163,178.5305700302124
lstm,42,FordB,15,15,0.5185185185185185,0.4573246569412282,178.5305700302124
lstm,42,FreezerRegularTrain,15,15,0.6185964912280701,0.5714834064714243,178.5305700302124
lstm,42,FreezerSmallTrain,15,15,0.6185964912280701,0.5714834064714243,178.5305700302124
lstm,42,GesturePebbleZ1,15,15,0.1744186046511628,0.11415418445945735,178.5305700302124
lstm,42,GesturePebbleZ2,15,15,0.08227848101265822,0.05268643413946311,178.5305700302124
lstm,42,InsectWingbeatSound,15,15,0.13080808080808082,0.06083587528488941,178.5305700302124
lstm,42,ItalyPowerDemand,15,15,0.6326530612244898,0.6325277756783312,178.5305700302124
lstm,42,Lightning2,15,15,0.5245901639344263,0.4894660894660895,178.5305700302124
lstm,42,Lightning7,15,15,0.0821917808219178,0.022263450834879406,178.5305700302124
lstm,42,MoteStrain,15,15,0.4289137380191693,0.30365612040981904,178.5305700302124
lstm,42,Phoneme,15,15,0.03639240506329114,0.005547958270718285,178.5305700302124
lstm,42,PickupGestureWiimoteZ,15,15,0.08,0.03395585738539898,178.5305700302124
lstm,42,Plane,15,15,0.13333333333333333,0.03418803418803419,178.5305700302124
lstm,42,ShakeGestureWiimoteZ,15,15,0.14,0.07063916475681183,178.5305700302124
lstm,42,SonyAIBORobotSurface1,15,15,0.43926788685524126,0.3219406697667567,178.5305700302124
lstm,42,SonyAIBORobotSurface2,15,15,0.6852046169989506,0.6787582698115922,178.5305700302124
lstm,42,StarLightCurves,15,15,0.7229237493929092,0.6851979059067079,178.5305700302124
lstm,42,Trace,15,15,0.52,0.34251082251082254,178.5305700302124
lstm,42,Wafer,15,15,0.895684620376379,0.5124108233682972,178.5305700302124
lstm,63,AllGestureWiimoteX,15,11,0.11142857142857143,0.053700897644029896,178.25421357154846
lstm,63,AllGestureWiimoteY,15,11,0.14714285714285713,0.05731129052928361,178.25421357154846
lstm,63,AllGestureWiimoteZ,15,11,0.14285714285714285,0.04647619047619048,178.25421357154846
lstm,63,Car,15,11,0.31666666666666665,0.12025316455696203,178.25421357154846
lstm,63,ChlorineConcentration,15,11,0.21510416666666668,0.1775420717480428,178.25421357154846
lstm,63,CinCECGTorso,15,11,0.36884057971014494,0.25197354963364293,178.25421357154846
lstm,63,DodgerLoopDay,15,11,0.25,0.13430777716492,178.25421357154846
lstm,63,DodgerLoopGame,15,11,0.5362318840579711,0.48888888888888893,178.25421357154846
lstm,63,DodgerLoopWeekend,15,11,0.7391304347826086,0.425,178.25421357154846
lstm,63,Earthquakes,15,11,0.7482014388489209,0.4279835390946502,178.25421357154846
lstm,63,FordA,15,11,0.4825757575757576,0.4817402481387867,178.25421357154846
lstm,63,FordB,15,11,0.5407407407407407,0.5347386494882927,178.25421357154846
lstm,63,FreezerRegularTrain,15,11,0.6150877192982456,0.570637596542853,178.25421357154846
lstm,63,FreezerSmallTrain,15,11,0.49964912280701756,0.3405111561866126,178.25421357154846
lstm,63,GesturePebbleZ1,15,11,0.2441860465116279,0.16214860599887337,178.25421357154846
lstm,63,GesturePebbleZ2,15,11,0.2468354430379747,0.15688230008984727,178.25421357154846
lstm,63,InsectWingbeatSound,15,11,0.12424242424242424,0.07249239392343516,178.25421357154846
lstm,63,ItalyPowerDemand,15,11,0.577259475218659,0.49466857081571713,178.25421357154846
lstm,63,Lightning2,15,11,0.45901639344262296,0.3146067415730337,178.25421357154846
lstm,63,Lightning7,15,11,0.136986301369863,0.0921201814058957,178.25421357154846
lstm,63,MoteStrain,15,11,0.6757188498402555,0.6256190434103731,178.25421357154846
lstm,63,Phoneme,15,11,0.017932489451476793,0.004200968989568115,178.25421357154846
lstm,63,PickupGestureWiimoteZ,15,11,0.12,0.057215836526181355,178.25421357154846
lstm,63,Plane,15,11,0.14285714285714285,0.03571428571428571,178.25421357154846
lstm,63,ShakeGestureWiimoteZ,15,11,0.1,0.018518518518518517,178.25421357154846
lstm,63,SonyAIBORobotSurface1,15,11,0.6222961730449251,0.6140209417269993,178.25421357154846
lstm,63,SonyAIBORobotSurface2,15,11,0.6852046169989506,0.6592534324942791,178.25421357154846
lstm,63,StarLightCurves,15,11,0.6551724137931034,0.6535866436672673,178.25421357154846
lstm,63,Trace,15,11,0.19,0.14393939393939395,178.25421357154846
lstm,63,Wafer,15,11,0.718689162881246,0.5122758158460613,178.25421357154846
lstm,84,AllGestureWiimoteX,15,9,0.12428571428571429,0.07158048180934506,178.42112827301025
lstm,84,AllGestureWiimoteY,15,9,0.1357142857142857,0.06251627182745301,178.42112827301025
lstm,84,AllGestureWiimoteZ,15,9,0.08142857142857143,0.04113342831338446,178.42112827301025
lstm,84,Car,15,9,0.23333333333333334,0.0945945945945946,178.42112827301025
lstm,84,ChlorineConcentration,15,9,0.4466145833333333,0.35111609168849744,178.42112827301025
lstm,84,CinCECGTorso,15,9,0.2876811594202899,0.19007158006362673,178.42112827301025
lstm,84,DodgerLoopDay,15,9,0.1375,0.03453689167974882,178.42112827301025
lstm,84,DodgerLoopGame,15,9,0.45652173913043476,0.33496112574696396,178.42112827301025
lstm,84,DodgerLoopWeekend,15,9,0.7391304347826086,0.425,178.42112827301025
lstm,84,Earthquakes,15,9,0.26618705035971224,0.22235629662132514,178.42112827301025
lstm,84,FordA,15,9,0.8568181818181818,0.8566041249592625,178.42112827301025
lstm,84,FordB,15,9,0.7074074074074074,0.7038318118914683,178.42112827301025
lstm,84,FreezerRegularTrain,15,9,0.5684210526315789,0.5149831534299705,178.42112827301025
lstm,84,FreezerSmallTrain,15,9,0.5031578947368421,0.3409225125034623,178.42112827301025
lstm,84,GesturePebbleZ1,15,9,0.1744186046511628,0.07012622720897616,178.42112827301025
lstm,84,GesturePebbleZ2,15,9,0.13291139240506328,0.06691335183472094,178.42112827301025
lstm,84,InsectWingbeatSound,15,9,0.09090909090909091,0.01515151515151515,178.42112827301025
lstm,84,ItalyPowerDemand,15,9,0.28960155490767736,0.2850614522909524,178.42112827301025
lstm,84,Lightning2,15,9,0.45901639344262296,0.3146067415730337,178.42112827301025
lstm,84,Lightning7,15,9,0.1232876712328767,0.06464737793851717,178.42112827301025
lstm,84,MoteStrain,15,9,0.46086261980830673,0.3154729360306178,178.42112827301025
lstm,84,Phoneme,15,9,0.0680379746835443,0.008393363901159148,178.42112827301025
lstm,84,PickupGestureWiimoteZ,15,9,0.06,0.03776556776556776,178.42112827301025
lstm,84,Plane,15,9,0.13333333333333333,0.03361344537815126,178.42112827301025
lstm,84,ShakeGestureWiimoteZ,15,9,0.08,0.02490842490842491,178.42112827301025
lstm,84,SonyAIBORobotSurface1,15,9,0.5707154742096506,0.3633474576271186,178.42112827301025
lstm,84,SonyAIBORobotSurface2,15,9,0.6484784889821616,0.5042724292832599,178.42112827301025
lstm,84,StarLightCurves,15,9,0.7287518212724624,0.704272159867371,178.42112827301025
lstm,84,Trace,15,9,0.29,0.1124031007751938,178.42112827301025
lstm,84,Wafer,15,9,0.8922777417261518,0.47303297123225096,178.42112827301025
lstm,105,AllGestureWiimoteX,15,13,0.07857142857142857,0.022749350443195548,178.4409897327423
lstm,105,AllGestureWiimoteY,15,13,0.12285714285714286,0.05228908874919062,178.4409897327423
lstm,105,AllGestureWiimoteZ,15,13,0.10142857142857142,0.02477814170935864,178.4409897327423
lstm,105,Car,15,13,0.23333333333333334,0.0945945945945946,178.4409897327423
lstm,105,ChlorineConcentration,15,13,0.48723958333333334,0.3052340020987325,178.4409897327423
lstm,105,CinCECGTorso,15,13,0.2210144927536232,0.13507311240508207,178.4409897327423
lstm,105,DodgerLoopDay,15,13,0.1875,0.09390756302521008,178.4409897327423
lstm,105,DodgerLoopGame,15,13,0.5289855072463768,0.5289607729874495,178.4409897327423
lstm,105,DodgerLoopWeekend,15,13,0.7391304347826086,0.425,178.4409897327423
lstm,105,Earthquakes,15,13,0.5251798561151079,0.4799319727891156,178.4409897327423
lstm,105,FordA,15,13,0.6424242424242425,0.641732546077252,178.4409897327423
lstm,105,FordB,15,13,0.5160493827160494,0.49838545583226435,178.4409897327423
lstm,105,FreezerRegularTrain,15,13,0.783157894736842,0.7831569336595398,178.4409897327423
lstm,105,FreezerSmallTrain,15,13,0.7628070175438596,0.7622815052888848,178.4409897327423
lstm,105,GesturePebbleZ1,15,13,0.22674418604651161,0.1491354322838581,178.4409897327423
lstm,105,GesturePebbleZ2,15,13,0.22151898734177214,0.13508842578610022,178.4409897327423
lstm,105,InsectWingbeatSound,15,13,0.09747474747474748,0.026980027548209363,178.4409897327423
lstm,105,ItalyPowerDemand,15,13,0.5102040816326531,0.4899608188698841,178.4409897327423
lstm,105,Lightning2,15,13,0.5409836065573771,0.35106382978723405,178.4409897327423
lstm,105,Lightning7,15,13,0.1232876712328767,0.03428571428571429,178.4409897327423
lstm,105,MoteStrain,15,13,0.6014376996805112,0.5538224982734893,178.4409897327423
lstm,105,Phoneme,15,13,0.013713080168776372,0.003865460275716686,178.4409897327423
lstm,105,PickupGestureWiimoteZ,15,13,0.12,0.03522727272727273,178.4409897327423
lstm,105,Plane,15,13,0.2,0.047619047619047616,178.4409897327423
lstm,105,ShakeGestureWiimoteZ,15,13,0.06,0.01935483870967742,178.4409897327423
lstm,105,SonyAIBORobotSurface1,15,13,0.5723793677204659,0.36759377162346407,178.4409897327423
lstm,105,SonyAIBORobotSurface2,15,13,0.4323189926547744,0.41709770456069184,178.4409897327423
lstm,105,StarLightCurves,15,13,0.8394851869839728,0.6151307383216543,178.4409897327423
lstm,105,Trace,15,13,0.48,0.3626151218062983,178.4409897327423
lstm,105,Wafer,15,13,0.8943867618429591,0.49267624405616867,178.4409897327423
lstm,126,AllGestureWiimoteX,15,11,0.1,0.01818181818181818,178.3160047531128
lstm,126,AllGestureWiimoteY,15,11,0.09714285714285714,0.021703296703296703,178.3160047531128
lstm,126,AllGestureWiimoteZ,15,11,0.11142857142857143,0.03892255892255893,178.3160047531128
lstm,126,Car,15,11,0.23333333333333334,0.09859154929577464,178.3160047531128
lstm,126,ChlorineConcentration,15,11,0.5325520833333334,0.2316624185783064,178.3160047531128
lstm,126,CinCECGTorso,15,11,0.2565217391304348,0.10712115728766514,178.3160047531128
lstm,126,DodgerLoopDay,15,11,0.1375,0.03453689167974882,178.3160047531128
lstm,126,DodgerLoopGame,15,11,0.4855072463768116,0.3388217828463459,178.3160047531128
lstm,126,DodgerLoopWeekend,15,11,0.7391304347826086,0.425,178.3160047531128
lstm,126,Earthquakes,15,11,0.7482014388489209,0.4279835390946502,178.3160047531128
lstm,126,FordA,15,11,0.5886363636363636,0.5870034819715922,178.3160047531128
lstm,126,FordB,15,11,0.5666666666666667,0.5245803226987771,178.3160047531128
lstm,126,FreezerRegularTrain,15,11,0.6301754385964913,0.5875714840396933,178.3160047531128
lstm,126,FreezerSmallTrain,15,11,0.5,0.3333333333333333,178.3160047531128
lstm,126,GesturePebbleZ1,15,11,0.1686046511627907,0.04809286898839138,178.3160047531128
lstm,126,GesturePebbleZ2,15,11,0.15822784810126583,0.04553734061930784,178.3160047531128
lstm,126,InsectWingbeatSound,15,11,0.08585858585858586,0.015284008679715888,178.3160047531128
lstm,126,ItalyPowerDemand,15,11,0.4042759961127308,0.29571304954640615,178.3160047531128
lstm,126,Lightning2,15,11,0.6229508196721312,0.5665739882607352,178.3160047531128
lstm,126,Lightning7,15,11,0.0821917808219178,0.0216998191681736,178.3160047531128
lstm,126,MoteStrain,15,11,0.5471246006389776,0.36914845118410633,178.3160047531128
lstm,126,Phoneme,15,11,0.08649789029535865,0.015950215760298633,178.3160047531128
lstm,126,PickupGestureWiimoteZ,15,11,0.12,0.05185185185185185,178.3160047531128
lstm,126,Plane,15,11,0.2,0.047619047619047616,178.3160047531128
lstm,126,ShakeGestureWiimoteZ,15,11,0.1,0.01818181818181818,178.3160047531128
lstm,126,SonyAIBORobotSurface1,15,11,0.5723793677204659,0.411827649892424,178.3160047531128
lstm,126,SonyAIBORobotSurface2,15,11,0.6673662119622246,0.5353328872789916,178.3160047531128
lstm,126,StarLightCurves,15,11,0.6170471102476931,0.5555052125200235,178.3160047531128
lstm,126,Trace,15,11,0.24,0.10810810810810811,178.3160047531128
lstm,126,Wafer,15,11,0.7159312134977287,0.4887425355910173,178.3160047531128
lstm,147,AllGestureWiimoteX,15,14,0.1957142857142857,0.15814945697672786,178.23621249198914
lstm,147,AllGestureWiimoteY,15,14,0.15142857142857144,0.08864388760944344,178.23621249198914
lstm,147,AllGestureWiimoteZ,15,14,0.21714285714285714,0.19187620437402572,178.23621249198914
lstm,147,Car,15,14,0.18333333333333332,0.07746478873239436,178.23621249198914
lstm,147,ChlorineConcentration,15,14,0.34010416666666665,0.33091567452460774,178.23621249198914
lstm,147,CinCECGTorso,15,14,0.3384057971014493,0.23696624784525724,178.23621249198914
lstm,147,DodgerLoopDay,15,14,0.1,0.04591836734693877,178.23621249198914
lstm,147,DodgerLoopGame,15,14,0.4782608695652174,0.3754085994468192,178.23621249198914
lstm,147,DodgerLoopWeekend,15,14,0.7318840579710145,0.642512077294686,178.23621249198914
lstm,147,Earthquakes,15,14,0.5323741007194245,0.5180048012803414,178.23621249198914
lstm,147,FordA,15,14,0.9143939393939394,0.9142659583089771,178.23621249198914
lstm,147,FordB,15,14,0.7975308641975308,0.7975296298102716,178.23621249198914
lstm,147,FreezerRegularTrain,15,14,0.7533333333333333,0.7529310573386647,178.23621249198914
lstm,147,FreezerSmallTrain,15,14,0.7273684210526316,0.7246145667198298,178.23621249198914
lstm,147,GesturePebbleZ1,15,14,0.27325581395348836,0.2102695783537769,178.23621249198914
lstm,147,GesturePebbleZ2,15,14,0.25949367088607594,0.2244282689601662,178.23621249198914
lstm,147,InsectWingbeatSound,15,14,0.12727272727272726,0.05933484255121493,178.23621249198914
lstm,147,ItalyPowerDemand,15,14,0.8454810495626822,0.8425668348342685,178.23621249198914
lstm,147,Lightning2,15,14,0.639344262295082,0.5795739348370927,178.23621249198914
lstm,147,Lightning7,15,14,0.3287671232876712,0.2805497805497805,178.23621249198914
lstm,147,MoteStrain,15,14,0.7044728434504792,0.6947001571183027,178.23621249198914
lstm,147,Phoneme,15,14,0.029535864978902954,0.015545058959765153,178.23621249198914
lstm,147,PickupGestureWiimoteZ,15,14,0.1,0.06619047619047619,178.23621249198914
lstm,147,Plane,15,14,0.41904761904761906,0.31357013660019756,178.23621249198914
lstm,147,ShakeGestureWiimoteZ,15,14,0.24,0.14545454545454545,178.23621249198914
lstm,147,SonyAIBORobotSurface1,15,14,0.8186356073211315,0.8105718210077351,178.23621249198914
lstm,147,SonyAIBORobotSurface2,15,14,0.7355718782791185,0.6714548379682832,178.23621249198914
lstm,147,StarLightCurves,15,14,0.731665857212239,0.7262893230966879,178.23621249198914
lstm,147,Trace,15,14,0.25,0.1485380116959064,178.23621249198914
lstm,147,Wafer,15,14,0.8982803374432187,0.7972676335831013,178.23621249198914
